"","Trial","ImageA","ImageB","CategoryB","ListNum","ImageC"
"1",1,"images/sundae_banana.jpg","images/eiffel_tower_c.jpg","object-scene",1,"images/mitten.png"
"2",2,"images/castle_sand.png","images/gwen_stefani_c.jpg","object-face",1,"images/mask_hockeygoalie.png"
"3",3,"images/checkers_board.png","images/golden_gate_bridge_b.jpg","object-scene",1,"images/mop.png"
"4",4,"images/figurine_ballerina.jpg","images/courtney_cox_c.jpg","object-face",1,"images/pan_muffin.png"
"5",5,"images/flute_wooden.jpg","images/jimmy_fallon.jpg","object-face",1,"images/mechanic.jpg"
"6",6,"images/fuzzydice.jpg","images/ellen_degeneres_b.jpg","object-face",1,"images/soap.png"
"7",7,"images/dog_toy.png","images/queen_elizabeth_a.jpg","object-face",1,"images/paper towel.jpg"
"8",8,"images/champagne.jpg","images/arches_national_park_a.jpg","object-scene",1,"images/noisemaker.jpg"
"9",9,"images/fan.png","images/giza_pyramids_c.jpg","object-scene",1,"images/pencilCase.png"
"10",10,"images/mannequin.jpg","images/julia_roberts_c.jpg","object-face",1,"images/newspaper_stack.png"
"11",11,"images/flipflopsBlue.png","images/flatiron_building_b.jpg","object-scene",1,"images/paddle.png"
"12",12,"images/bib.png","images/glacier_national_park_c.jpg","object-scene",1,"images/paintcan.jpg"
"13",13,"images/milk_shake.jpg","images/acropolis_c.jpg","object-scene",2,"images/milk_shake.jpg"
"14",14,"images/ball_8.png","images/waikiki_c.jpg","object-scene",2,"images/pen.png"
"15",15,"images/guitar_electric.png","images/grand_tetons_a.jpg","object-scene",2,"images/ruler_triangle.png"
"16",16,"images/feather.png","images/george_clooney_a.jpg","object-face",2,"images/pants_firefighter.jpg"
"17",17,"images/quartz.png","images/jennifer_aniston_a.jpg","object-face",2,"images/wreath.png"
"18",18,"images/donutFloaty.jpg","images/joshua_tree_c.jpg","object-scene",2,"images/watergun.png"
"19",19,"images/firehydrant.png","images/times_square_b.jpg","object-scene",2,"images/origamiPaper.png"
"20",20,"images/ring_diamond.png","images/mark_zuckerberg_c.jpg","object-face",2,"images/megaphone.png"
"21",21,"images/skirt.jpg","images/cn_tower_b.jpg","object-scene",2,"images/paddle ball.jpg"
"22",22,"images/portapotty.png","images/michelle_obama_a.jpg","object-face",2,"images/microwave.png"
"23",23,"images/shield_antique.png","images/drew_barrymore_c.jpg","object-face",2,"images/mask_black.jpg"
"24",24,"images/snorkle.jpg","images/amy_poehler_c.jpg","object-face",2,"images/mug.png"
"25",25,"images/glasses_sun.png","images/forbidden_city_c.jpg","object-scene",3,"images/notebook_black.png"
"26",26,"images/drum.png","images/hillary_clinton_a.jpg","object-face",3,"images/pants.png"
"27",27,"images/gametable_airhockey.png","images/stonehenge_b.jpg","object-scene",3,"images/stroller.jpg"
"28",28,"images/drill.jpg","images/tower_of_pisa_c.jpg","object-scene",3,"images/mousepad.png"
"29",29,"images/socks_winter.png","images/serengeti_c.jpg","object-scene",3,"images/motorcycle.png"
"30",30,"images/bag_gift.png","images/kristen_stewart.jpg","object-face",3,"images/partyDress.png"
"31",31,"images/eyeMask.jpg","images/gaudi_cathedral_c.jpg","object-scene",3,"images/pailGarden.jpg"
"32",32,"images/bandage.jpg","images/emma_watson.jpg","object-face",3,"images/napkin_ring.png"
"33",33,"images/balloon.jpg","images/jackie_kennedy_a.jpg","object-face",3,"images/match.png"
"34",34,"images/pants_firefighter.jpg","images/neuschwanstein_castle_c.jpg","object-scene",3,"images/peppermill.png"
"35",35,"images/boat_sail.png","images/neil_patrick_harris.jpg","object-face",3,"images/pacifier.png"
"36",36,"images/carton_eggs.jpg","images/oprah_b.jpg","object-face",3,"images/package.png"
"37",37,"images/chest_toys.png","images/katy_perry.jpg","object-face",4,"images/teddybear_brown.jpg"
"38",38,"images/chain_rusty.png","images/emma_stone.jpg","object-face",4,"images/oven.png"
"39",39,"images/scooter.png","images/grand_canyon_c.jpg","object-scene",4,"images/pajamas.png"
"40",40,"images/bathrobe.png","images/empire_state_building_a.jpg","object-scene",4,"images/paddle_bread.png"
"41",41,"images/shoe_pumps.jpg","images/iguazu_falls_b.jpg","object-scene",4,"images/notepad.jpg"
"42",42,"images/puzzlepiece.png","images/jamie_foxx_b.jpg","object-face",4,"images/net_butterfly.jpg"
"43",43,"images/diving_board.jpg","images/james_franco_c.jpg","object-face",4,"images/necklace_pearl.jpg"
"44",44,"images/flashlight.png","images/machu_picchu_c.jpg","object-scene",4,"images/worldmap.png"
"45",45,"images/goggles_swim.png","images/great_wall_of_china_c.jpg","object-scene",4,"images/skates.png"
"46",46,"images/barrel.jpg","images/bill_gates_a.jpg","object-face",4,"images/toyTrain.png"
"47",47,"images/egg_easter.jpg","images/giants_causeway_b.jpg","object-scene",4,"images/rope_skipping.png"
"48",48,"images/ball_baseball.png","images/dakota_fanning_c.jpg","object-face",4,"images/outhouse.png"
