instructions1,Instructions2,Image1,Image2,Image3,Image_4,position_1x,position_1y,position_2x,position_2y,J_key,K_key,L_key,yes_text,no_text,trial_in_list,image_a,location1,correct_category_pair,location2,location3,correct_image,List,trial_num,block,Trial,ImageA,ImageB,ImageC,CategoryB,ListNum,V1,trial,instruction_intentional_encoding.thisRepN,instruction_intentional_encoding.thisTrialN,instruction_intentional_encoding.thisN,instruction_intentional_encoding.thisIndex,practice_trials_intentional_encoding.thisRepN,practice_trials_intentional_encoding.thisTrialN,practice_trials_intentional_encoding.thisN,practice_trials_intentional_encoding.thisIndex,trials.thisRepN,trials.thisTrialN,trials.thisN,trials.thisIndex,trials_4.thisRepN,trials_4.thisTrialN,trials_4.thisN,trials_4.thisIndex,trials_2.thisRepN,trials_2.thisTrialN,trials_2.thisN,trials_2.thisIndex,trials_5.thisRepN,trials_5.thisTrialN,trials_5.thisN,trials_5.thisIndex,trials_3.thisRepN,trials_3.thisTrialN,trials_3.thisN,trials_3.thisIndex,trials_6.thisRepN,trials_6.thisTrialN,trials_6.thisN,trials_6.thisIndex,trials_7.thisRepN,trials_7.thisTrialN,trials_7.thisN,trials_7.thisIndex,trials_8.thisRepN,trials_8.thisTrialN,trials_8.thisN,trials_8.thisIndex,trials_9.thisRepN,trials_9.thisTrialN,trials_9.thisN,trials_9.thisIndex,trials_10.thisRepN,trials_10.thisTrialN,trials_10.thisN,trials_10.thisIndex,trials_11.thisRepN,trials_11.thisTrialN,trials_11.thisN,trials_11.thisIndex,text.started,text.stopped,instructions_text2.started,instructions_text2.stopped,response.keys,response.rt,response.started,response.stopped,image1.started,image1.stopped,image2.started,image2.stopped,J_press_instructions.started,J_press_instructions.stopped,F_key_instruct.started,F_key_instruct.stopped,arrow.started,arrow.stopped,yes_press.started,yes_press.stopped,no_press.started,no_press.stopped,imageA.started,imageA.stopped,b_image.started,b_image.stopped,text_9.started,text_9.stopped,key_resp_3.keys,key_resp_3.rt,key_resp_3.started,key_resp_3.stopped,image_pair1.started,image_pair1.stopped,image_pair2.started,image_pair2.stopped,text_3.started,text_3.stopped,text_4.started,text_4.stopped,image_3.started,image_3.stopped,key_resp.keys,key_resp.rt,key_resp.started,key_resp.stopped,text_5.started,text_5.stopped,text_8.started,text_8.stopped,key_resp_2.keys,key_resp_2.rt,key_resp_2.started,key_resp_2.stopped,image.started,image.stopped,image_2.started,image_2.stopped,image_5.started,image_5.stopped,image_6.started,image_6.stopped,K.started,K.stopped,L.started,L.stopped,J.started,J.stopped,image_a_practice.started,image_a_practice.stopped,afc_test_practice.started,afc_test_practice.stopped,location1_practice.started,location1_practice.stopped,location2_practice.started,location2_practice.stopped,location3_practice.started,location3_practice.stopped,j_key_test_practice.started,j_key_test_practice.stopped,K_key_practice.started,K_key_practice.stopped,L_key_practice.started,L_key_practice.stopped,image_11.started,image_11.stopped,image_12.started,image_12.stopped,text_7.started,text_7.stopped,text_17.started,text_17.stopped,key_resp_13.keys,key_resp_13.started,key_resp_13.stopped,key_resp_13.rt,post_retreival_practice_intructions.started,post_retreival_practice_intructions.stopped,key_resp_4.keys,key_resp_4.rt,key_resp_4.started,key_resp_4.stopped,instruct_text.started,instruct_text.stopped,a_image_retrieve.started,a_image_retrieve.stopped,afc_text.started,afc_text.stopped,image_4.started,image_4.stopped,image_9.started,image_9.stopped,image_10.started,image_10.stopped,j_key_test.started,j_key_test.stopped,K_key_test.started,K_key_test.stopped,L_key_test.started,L_key_test.stopped,imagea.started,imagea.stopped,correct_image2.started,correct_image2.stopped,Feedback.started,Feedback.stopped,key_resp_12.keys,key_resp_12.rt,key_resp_12.started,key_resp_12.stopped,text_12.started,text_12.stopped,key_resp_6.keys,key_resp_6.rt,key_resp_6.started,key_resp_6.stopped,image_pair1_2.started,image_pair1_2.stopped,image_pair2_2.started,image_pair2_2.stopped,text_13.started,text_13.stopped,key_resp_7.keys,key_resp_7.rt,key_resp_7.started,key_resp_7.stopped,instruct_text_2.started,instruct_text_2.stopped,a_image_retrieve_2.started,a_image_retrieve_2.stopped,afc_text_2.started,afc_text_2.stopped,image_13.started,image_13.stopped,image_14.started,image_14.stopped,image_15.started,image_15.stopped,j_key_test_2.started,j_key_test_2.stopped,L_key_test_2.started,L_key_test_2.stopped,K_key_test_2.started,K_key_test_2.stopped,correct_image__a.started,correct_image__a.stopped,correct_image2_2.started,correct_image2_2.stopped,Feedback_2.started,Feedback_2.stopped,key_resp_11.keys,key_resp_11.started,key_resp_11.stopped,participant,sex,age,,date,expName,psychopyVersion,frameRate,
"Welcome to the memory game! In this game, you must learn which images go together.",Press space to continue!,None,None,None,None,0,0.3,0.0,-0.4, , , , , ,,,,,,,,,,,,,,,,,,,0,0,0,0,,,,,,,,,,,,,,,,,,,,,,,,,,,,,,,,,,,,,,,,,,,,,,,,,8.447356350981863,None,8.447356350981863,None,space,0.3913715800154023,8.447356350981863,None,8.447356350981863,None,8.447356350981863,None,8.396552758000325,None,8.396552758000325,None,8.396552758000325,None,8.396552758000325,None,8.396552758000325,None,,,,,,,,,,,,,,,,,,,,,,,,,,,,,,,,,,,,,,,,,,,,,,,,,,,,,,,,,,,,,,,,,,,,,,,,,,,,,,,,,,,,,,,,,,,,,,,,,,,,,,,,,,,,,,,,,,,,,,,,,,,,,,,,,,,,,,,,,,,,,,,,,,,,,,,,yt,001,,,2020_Sep_05_1838,reactive_intentional_encoding_looped,3.2.4,60.46438778642587,
"You will see two images on the left and right side of the screen, like this.",Press space to continue!,instruction_images/jessica_alba.jpg,instruction_images/oldBook.png,None,None,0,0.3,0.0,-0.4, , , , , ,,,,,,,,,,,,,,,,,,,0,1,1,1,,,,,,,,,,,,,,,,,,,,,,,,,,,,,,,,,,,,,,,,,,,,,,,,,8.993266264005797,None,8.993266264005797,None,space,0.23056073900079355,8.993266264005797,None,8.993266264005797,None,8.993266264005797,None,8.877310106996447,None,8.877310106996447,None,8.877310106996447,None,8.877310106996447,None,8.877310106996447,None,,,,,,,,,,,,,,,,,,,,,,,,,,,,,,,,,,,,,,,,,,,,,,,,,,,,,,,,,,,,,,,,,,,,,,,,,,,,,,,,,,,,,,,,,,,,,,,,,,,,,,,,,,,,,,,,,,,,,,,,,,,,,,,,,,,,,,,,,,,,,,,,,,,,,,,,yt,001,,,2020_Sep_05_1838,reactive_intentional_encoding_looped,3.2.4,60.46438778642587,
Your job is to remember that these images go together. ,Press space to continue!,instruction_images/jessica_alba.jpg,instruction_images/oldBook.png,None,None,0,0.3,0.0,-0.4, , , , , ,,,,,,,,,,,,,,,,,,,0,2,2,2,,,,,,,,,,,,,,,,,,,,,,,,,,,,,,,,,,,,,,,,,,,,,,,,,9.3497972220066,None,9.3497972220066,None,space,0.1451064540015068,9.3497972220066,None,9.3497972220066,None,9.3497972220066,None,9.281512625981122,None,9.281512625981122,None,9.281512625981122,None,9.281512625981122,None,9.281512625981122,None,,,,,,,,,,,,,,,,,,,,,,,,,,,,,,,,,,,,,,,,,,,,,,,,,,,,,,,,,,,,,,,,,,,,,,,,,,,,,,,,,,,,,,,,,,,,,,,,,,,,,,,,,,,,,,,,,,,,,,,,,,,,,,,,,,,,,,,,,,,,,,,,,,,,,,,,yt,001,,,2020_Sep_05_1838,reactive_intentional_encoding_looped,3.2.4,60.46438778642587,
"You could link them through a story. For example, jessica alba likes books.",Press space to continue!,instruction_images/jessica_alba.jpg,instruction_images/oldBook.png,None,None,0,0.3,0.0,-0.4, , , , , ,,,,,,,,,,,,,,,,,,,0,3,3,3,,,,,,,,,,,,,,,,,,,,,,,,,,,,,,,,,,,,,,,,,,,,,,,,,9.660477778001223,None,9.660477778001223,None,space,0.08023905599839054,9.660477778001223,None,9.660477778001223,None,9.660477778001223,None,9.577036759990733,None,9.577036759990733,None,9.577036759990733,None,9.577036759990733,None,9.577036759990733,None,,,,,,,,,,,,,,,,,,,,,,,,,,,,,,,,,,,,,,,,,,,,,,,,,,,,,,,,,,,,,,,,,,,,,,,,,,,,,,,,,,,,,,,,,,,,,,,,,,,,,,,,,,,,,,,,,,,,,,,,,,,,,,,,,,,,,,,,,,,,,,,,,,,,,,,,yt,001,,,2020_Sep_05_1838,reactive_intentional_encoding_looped,3.2.4,60.46438778642587,
"After you see the images, we will test your memory.",Press space to continue!,instruction_images/jessica_alba.jpg,instruction_images/oldBook.png,None,None,0,0.3,0.0,-0.4, , , , , ,,,,,,,,,,,,,,,,,,,0,4,4,4,,,,,,,,,,,,,,,,,,,,,,,,,,,,,,,,,,,,,,,,,,,,,,,,,9.876580134994583,None,9.876580134994583,None,space,0.1291453189915046,9.876580134994583,None,9.876580134994583,None,9.876580134994583,None,9.81048443398322,None,9.81048443398322,None,9.81048443398322,None,9.81048443398322,None,9.81048443398322,None,,,,,,,,,,,,,,,,,,,,,,,,,,,,,,,,,,,,,,,,,,,,,,,,,,,,,,,,,,,,,,,,,,,,,,,,,,,,,,,,,,,,,,,,,,,,,,,,,,,,,,,,,,,,,,,,,,,,,,,,,,,,,,,,,,,,,,,,,,,,,,,,,,,,,,,,yt,001,,,2020_Sep_05_1838,reactive_intentional_encoding_looped,3.2.4,60.46438778642587,
"Get ready to see the images! Each pair will only last on the screen for a few seconds, so pay attention.",Press space to continue!,instruction_images/jessica_alba.jpg,instruction_images/oldBook.png,None,None,0,0.3,0.0,-0.4, , , , , ,,,,,,,,,,,,,,,,,,,0,5,5,5,,,,,,,,,,,,,,,,,,,,,,,,,,,,,,,,,,,,,,,,,,,,,,,,,10.129436121002072,None,10.129436121002072,None,space,0.15024716101470403,10.129436121002072,None,10.129436121002072,None,10.129436121002072,None,10.062722898990614,None,10.062722898990614,None,10.062722898990614,None,10.062722898990614,None,10.062722898990614,None,,,,,,,,,,,,,,,,,,,,,,,,,,,,,,,,,,,,,,,,,,,,,,,,,,,,,,,,,,,,,,,,,,,,,,,,,,,,,,,,,,,,,,,,,,,,,,,,,,,,,,,,,,,,,,,,,,,,,,,,,,,,,,,,,,,,,,,,,,,,,,,,,,,,,,,,yt,001,,,2020_Sep_05_1838,reactive_intentional_encoding_looped,3.2.4,60.46438778642587,
We'll first do a practice to get you familiar with the game.,Press space to continue!,instruction_images/jessica_alba.jpg,instruction_images/oldBook.png,None,None,0,0.3,0.0,-0.4, , , , , ,,,,,,,,,,,,,,,,,,,0,6,6,6,,,,,,,,,,,,,,,,,,,,,,,,,,,,,,,,,,,,,,,,,,,,,,,,,10.427324874995975,None,10.427324874995975,None,space,0.22037104997434653,10.427324874995975,None,10.427324874995975,None,10.427324874995975,None,10.36388983100187,None,10.36388983100187,None,10.36388983100187,None,10.36388983100187,None,10.36388983100187,None,,,,,,,,,,,,,,,,,,,,,,,,,,,,,,,,,,,,,,,,,,,,,,,,,,,,,,,,,,,,,,,,,,,,,,,,,,,,,,,,,,,,,,,,,,,,,,,,,,,,,,,,,,,,,,,,,,,,,,,,,,,,,,,,,,,,,,,,,,,,,,,,,,,,,,,,yt,001,,,2020_Sep_05_1838,reactive_intentional_encoding_looped,3.2.4,60.46438778642587,
"When you're ready to start the practice, press space!",Press space to continue!,None,None,None,None,0,0.0,None,None, , , , , ,,,,,,,,,,,,,,,,,,,0,7,7,7,,,,,,,,,,,,,,,,,,,,,,,,,,,,,,,,,,,,,,,,,,,,,,,,,10.777856708999025,None,10.777856708999025,None,space,0.39290661402628757,10.777856708999025,None,10.777856708999025,None,10.777856708999025,None,10.72768358598114,None,10.72768358598114,None,10.72768358598114,None,10.72768358598114,None,10.72768358598114,None,,,,,,,,,,,,,,,,,,,,,,,,,,,,,,,,,,,,,,,,,,,,,,,,,,,,,,,,,,,,,,,,,,,,,,,,,,,,,,,,,,,,,,,,,,,,,,,,,,,,,,,,,,,,,,,,,,,,,,,,,,,,,,,,,,,,,,,,,,,,,,,,,,,,,,,,yt,001,,,2020_Sep_05_1838,reactive_intentional_encoding_looped,3.2.4,60.46438778642587,
,,,,,,,,,,,,,,,1,images/giftbow01.png,images/willie_nelson_b.jpg,object-face,images/electricoutlet.png,images/chick.jpg,images/willie_nelson_b.jpg,0,0,practice,,,,,,,,,,,,,0,0,0,0,,,,,,,,,,,,,,,,,,,,,,,,,,,,,,,,,,,,,,,,,,,,,,,,,,,,,,,,,,,,,,,,,,,11.261359613999957,None,11.261359613999957,None,,,,,,,,,,,,,,,,,,,,,,,,,,,,,,,,,,,,,,,,,,,,,,,,,,,,,,,,,,,,,,,,,,,,,,,,,,,,,,,,,,,,,,,,,,,,,,,,,,,,,,,,,,,,,,,,,,,,,,,,,,,,,,,,,,,,,,,,,,,,,,,,,,,,yt,001,,,2020_Sep_05_1838,reactive_intentional_encoding_looped,3.2.4,60.46438778642587,
,,,,,,,,,,,,,,,2,images/globe.png,images/earrings_dangling.jpg,object-scene,images/wrigley_field_b.jpg,images/barrel.jpg,images/wrigley_field_b.jpg,0,0,practice,,,,,,,,,,,,,0,1,1,1,,,,,,,,,,,,,,,,,,,,,,,,,,,,,,,,,,,,,,,,,,,,,,,,,,,,,,,,,,,,,,,,,,,11.378155441983836,None,11.378155441983836,None,,,,,,,,,,,,,,,,,,,,,,,,,,,,,,,,,,,,,,,,,,,,,,,,,,,,,,,,,,,,,,,,,,,,,,,,,,,,,,,,,,,,,,,,,,,,,,,,,,,,,,,,,,,,,,,,,,,,,,,,,,,,,,,,,,,,,,,,,,,,,,,,,,,,yt,001,,,2020_Sep_05_1838,reactive_intentional_encoding_looped,3.2.4,60.46438778642587,
,,,,,,,,,,,,,,,3,images/glassBall.jpg,images/westminster_abbey_a.jpg,object-scene,images/beetle.png,images/statue_of_liberty.jpg,images/westminster_abbey_a.jpg,0,0,practice,,,,,,,,,,,,,0,2,2,2,,,,,,,,,,,,,,,,,,,,,,,,,,,,,,,,,,,,,,,,,,,,,,,,,,,,,,,,,,,,,,,,,,,11.495348112977808,None,11.495348112977808,None,,,,,,,,,,,,,,,,,,,,,,,,,,,,,,,,,,,,,,,,,,,,,,,,,,,,,,,,,,,,,,,,,,,,,,,,,,,,,,,,,,,,,,,,,,,,,,,,,,,,,,,,,,,,,,,,,,,,,,,,,,,,,,,,,,,,,,,,,,,,,,,,,,,,yt,001,,,2020_Sep_05_1838,reactive_intentional_encoding_looped,3.2.4,60.46438778642587,
,,,,,,,,,,,,,,,4,images/gazebo_wooden.png,images/ray_romano.jpg,object-face,images/john_stamos.jpg,images/natalie_portman.jpg,images/natalie_portman.jpg,0,0,practice,,,,,,,,,,,,,0,3,3,3,,,,,,,,,,,,,,,,,,,,,,,,,,,,,,,,,,,,,,,,,,,,,,,,,,,,,,,,,,,,,,,,,,,11.577337305003311,None,11.577337305003311,None,,,,,,,,,,,,,,,,,,,,,,,,,,,,,,,,,,,,,,,,,,,,,,,,,,,,,,,,,,,,,,,,,,,,,,,,,,,,,,,,,,,,,,,,,,,,,,,,,,,,,,,,,,,,,,,,,,,,,,,,,,,,,,,,,,,,,,,,,,,,,,,,,,,,yt,001,,,2020_Sep_05_1838,reactive_intentional_encoding_looped,3.2.4,60.46438778642587,
,,,,,,,,,,,,,,,5,images/helicopter.jpg,images/bench_park.png,object-face,images/bird_parrot.png,images/julia_louis_dreyfus.jpg,images/julia_louis_dreyfus.jpg,0,0,practice,,,,,,,,,,,,,0,4,4,4,,,,,,,,,,,,,,,,,,,,,,,,,,,,,,,,,,,,,,,,,,,,,,,,,,,,,,,,,,,,,,,,,,,11.677992237993749,None,11.677992237993749,None,,,,,,,,,,,,,,,,,,,,,,,,,,,,,,,,,,,,,,,,,,,,,,,,,,,,,,,,,,,,,,,,,,,,,,,,,,,,,,,,,,,,,,,,,,,,,,,,,,,,,,,,,,,,,,,,,,,,,,,,,,,,,,,,,,,,,,,,,,,,,,,,,,,,yt,001,,,2020_Sep_05_1838,reactive_intentional_encoding_looped,3.2.4,60.46438778642587,
,,,,,,,,,,,,,,,,,,,,,,,,,,,,,,,,,,,,,,,,,,,,,,,,,,,,,,,,,,,,,,,,,,,,,,,,,,,,,,,,,,,,,,,,,,,,,,,,,,,,,,,,,,,,,,,11.727449643978616,None,space,0.3178373030095827,12.21079151899903,None,,,,,,,,,,,,,,,,,,,,,,,,,,,,,,,,,,,,,,,,,,,,,,,,,,,,,,,,,,,,,,,,,,,,,,,,,,,,,,,,,,,,,,,,,,,,,,,,,,,,,,,,,,,,,,,,,,,,,,,,,,,,,,,,,,,,,,,,,,,,,,yt,001,,,2020_Sep_05_1838,reactive_intentional_encoding_looped,3.2.4,60.46438778642587,
,,,,,,,,,,,,,,,,,,,,,,,,,1,images/sundae_banana.jpg,images/eiffel_tower_c.jpg,images/mitten.png,object-scene,None,,,,,,,,,,,0,0,0,0,,,,,,,,,,,,,,,,,,,,,,,,,,,,,,,,,,,,,,,,,,,,,,,,,,,,,,,,,,,,,,,,,,,,,,,,,13.077648929989664,None,13.077648929989664,None,,,,,,,,,,,,,,,,,,,,,,,,,,,,,,,,,,,,,,,,,,,,,,,,,,,,,,,,,,,,,,,,,,,,,,,,,,,,,,,,,,,,,,,,,,,,,,,,,,,,,,,,,,,,,,,,,,,,,,,,,,,,,,,,,,,,,,,,,,yt,001,,,2020_Sep_05_1838,reactive_intentional_encoding_looped,3.2.4,60.46438778642587,
,,,,,,,,,,,,,,,,,,,,,,,,,2,images/castle_sand.png,images/gwen_stefani_c.jpg,images/mask_hockeygoalie.png,object-face,None,,,,,,,,,,,0,1,1,1,,,,,,,,,,,,,,,,,,,,,,,,,,,,,,,,,,,,,,,,,,,,,,,,,,,,,,,,,,,,,,,,,,,,,,,,,14.0774086729798,None,14.0774086729798,None,,,,,,,,,,,,,,,,,,,,,,,,,,,,,,,,,,,,,,,,,,,,,,,,,,,,,,,,,,,,,,,,,,,,,,,,,,,,,,,,,,,,,,,,,,,,,,,,,,,,,,,,,,,,,,,,,,,,,,,,,,,,,,,,,,,,,,,,,,yt,001,,,2020_Sep_05_1838,reactive_intentional_encoding_looped,3.2.4,60.46438778642587,
,,,,,,,,,,,,,,,,,,,,,,,,,3,images/checkers_board.png,images/golden_gate_bridge_b.jpg,images/mop.png,object-scene,None,,,,,,,,,,,0,2,2,2,,,,,,,,,,,,,,,,,,,,,,,,,,,,,,,,,,,,,,,,,,,,,,,,,,,,,,,,,,,,,,,,,,,,,,,,,15.077490586001659,None,15.077490586001659,None,,,,,,,,,,,,,,,,,,,,,,,,,,,,,,,,,,,,,,,,,,,,,,,,,,,,,,,,,,,,,,,,,,,,,,,,,,,,,,,,,,,,,,,,,,,,,,,,,,,,,,,,,,,,,,,,,,,,,,,,,,,,,,,,,,,,,,,,,,yt,001,,,2020_Sep_05_1838,reactive_intentional_encoding_looped,3.2.4,60.46438778642587,
,,,,,,,,,,,,,,,,,,,,,,,,,4,images/figurine_ballerina.jpg,images/courtney_cox_c.jpg,images/pan_muffin.png,object-face,None,,,,,,,,,,,0,3,3,3,,,,,,,,,,,,,,,,,,,,,,,,,,,,,,,,,,,,,,,,,,,,,,,,,,,,,,,,,,,,,,,,,,,,,,,,,16.093576057988685,None,16.093576057988685,None,,,,,,,,,,,,,,,,,,,,,,,,,,,,,,,,,,,,,,,,,,,,,,,,,,,,,,,,,,,,,,,,,,,,,,,,,,,,,,,,,,,,,,,,,,,,,,,,,,,,,,,,,,,,,,,,,,,,,,,,,,,,,,,,,,,,,,,,,,yt,001,,,2020_Sep_05_1838,reactive_intentional_encoding_looped,3.2.4,60.46438778642587,
,,,,,,,,,,,,,,,,,,,,,,,,,5,images/flute_wooden.jpg,images/jimmy_fallon.jpg,images/mechanic.jpg,object-face,None,,,,,,,,,,,0,4,4,4,,,,,,,,,,,,,,,,,,,,,,,,,,,,,,,,,,,,,,,,,,,,,,,,,,,,,,,,,,,,,,,,,,,,,,,,,17.077258924982743,None,17.077258924982743,None,,,,,,,,,,,,,,,,,,,,,,,,,,,,,,,,,,,,,,,,,,,,,,,,,,,,,,,,,,,,,,,,,,,,,,,,,,,,,,,,,,,,,,,,,,,,,,,,,,,,,,,,,,,,,,,,,,,,,,,,,,,,,,,,,,,,,,,,,,yt,001,,,2020_Sep_05_1838,reactive_intentional_encoding_looped,3.2.4,60.46438778642587,
,,,,,,,,,,,,,,,,,,,,,,,,,6,images/fuzzydice.jpg,images/ellen_degeneres_b.jpg,images/soap.png,object-face,None,,,,,,,,,,,0,5,5,5,,,,,,,,,,,,,,,,,,,,,,,,,,,,,,,,,,,,,,,,,,,,,,,,,,,,,,,,,,,,,,,,,,,,,,,,,18.07722607400501,None,18.07722607400501,None,,,,,,,,,,,,,,,,,,,,,,,,,,,,,,,,,,,,,,,,,,,,,,,,,,,,,,,,,,,,,,,,,,,,,,,,,,,,,,,,,,,,,,,,,,,,,,,,,,,,,,,,,,,,,,,,,,,,,,,,,,,,,,,,,,,,,,,,,,yt,001,,,2020_Sep_05_1838,reactive_intentional_encoding_looped,3.2.4,60.46438778642587,
,,,,,,,,,,,,,,,,,,,,,,,,,7,images/dog_toy.png,images/queen_elizabeth_a.jpg,images/paper towel.jpg,object-face,None,,,,,,,,,,,0,6,6,6,,,,,,,,,,,,,,,,,,,,,,,,,,,,,,,,,,,,,,,,,,,,,,,,,,,,,,,,,,,,,,,,,,,,,,,,,19.07642614498036,None,19.07642614498036,None,,,,,,,,,,,,,,,,,,,,,,,,,,,,,,,,,,,,,,,,,,,,,,,,,,,,,,,,,,,,,,,,,,,,,,,,,,,,,,,,,,,,,,,,,,,,,,,,,,,,,,,,,,,,,,,,,,,,,,,,,,,,,,,,,,,,,,,,,,yt,001,,,2020_Sep_05_1838,reactive_intentional_encoding_looped,3.2.4,60.46438778642587,
,,,,,,,,,,,,,,,,,,,,,,,,,8,images/champagne.jpg,images/arches_national_park_a.jpg,images/noisemaker.jpg,object-scene,None,,,,,,,,,,,0,7,7,7,,,,,,,,,,,,,,,,,,,,,,,,,,,,,,,,,,,,,,,,,,,,,,,,,,,,,,,,,,,,,,,,,,,,,,,,,20.076927425980102,None,20.076927425980102,None,,,,,,,,,,,,,,,,,,,,,,,,,,,,,,,,,,,,,,,,,,,,,,,,,,,,,,,,,,,,,,,,,,,,,,,,,,,,,,,,,,,,,,,,,,,,,,,,,,,,,,,,,,,,,,,,,,,,,,,,,,,,,,,,,,,,,,,,,,yt,001,,,2020_Sep_05_1838,reactive_intentional_encoding_looped,3.2.4,60.46438778642587,
,,,,,,,,,,,,,,,,,,,,,,,,,9,images/fan.png,images/giza_pyramids_c.jpg,images/pencilCase.png,object-scene,None,,,,,,,,,,,0,8,8,8,,,,,,,,,,,,,,,,,,,,,,,,,,,,,,,,,,,,,,,,,,,,,,,,,,,,,,,,,,,,,,,,,,,,,,,,,21.077183603978483,None,21.077183603978483,None,,,,,,,,,,,,,,,,,,,,,,,,,,,,,,,,,,,,,,,,,,,,,,,,,,,,,,,,,,,,,,,,,,,,,,,,,,,,,,,,,,,,,,,,,,,,,,,,,,,,,,,,,,,,,,,,,,,,,,,,,,,,,,,,,,,,,,,,,,yt,001,,,2020_Sep_05_1838,reactive_intentional_encoding_looped,3.2.4,60.46438778642587,
,,,,,,,,,,,,,,,,,,,,,,,,,10,images/mannequin.jpg,images/julia_roberts_c.jpg,images/newspaper_stack.png,object-face,None,,,,,,,,,,,0,9,9,9,,,,,,,,,,,,,,,,,,,,,,,,,,,,,,,,,,,,,,,,,,,,,,,,,,,,,,,,,,,,,,,,,,,,,,,,,22.07600854500197,None,22.07600854500197,None,,,,,,,,,,,,,,,,,,,,,,,,,,,,,,,,,,,,,,,,,,,,,,,,,,,,,,,,,,,,,,,,,,,,,,,,,,,,,,,,,,,,,,,,,,,,,,,,,,,,,,,,,,,,,,,,,,,,,,,,,,,,,,,,,,,,,,,,,,yt,001,,,2020_Sep_05_1838,reactive_intentional_encoding_looped,3.2.4,60.46438778642587,
,,,,,,,,,,,,,,,,,,,,,,,,,11,images/flipflopsBlue.png,images/flatiron_building_b.jpg,images/paddle.png,object-scene,None,,,,,,,,,,,0,10,10,10,,,,,,,,,,,,,,,,,,,,,,,,,,,,,,,,,,,,,,,,,,,,,,,,,,,,,,,,,,,,,,,,,,,,,,,,,23.077209868002683,None,23.077209868002683,None,,,,,,,,,,,,,,,,,,,,,,,,,,,,,,,,,,,,,,,,,,,,,,,,,,,,,,,,,,,,,,,,,,,,,,,,,,,,,,,,,,,,,,,,,,,,,,,,,,,,,,,,,,,,,,,,,,,,,,,,,,,,,,,,,,,,,,,,,,yt,001,,,2020_Sep_05_1838,reactive_intentional_encoding_looped,3.2.4,60.46438778642587,
,,,,,,,,,,,,,,,,,,,,,,,,,12,images/bib.png,images/glacier_national_park_c.jpg,images/paintcan.jpg,object-scene,None,,,,,,,,,,,0,11,11,11,,,,,,,,,,,,,,,,,,,,,,,,,,,,,,,,,,,,,,,,,,,,,,,,,,,,,,,,,,,,,,,,,,,,,,,,,24.077285754989134,None,24.077285754989134,None,,,,,,,,,,,,,,,,,,,,,,,,,,,,,,,,,,,,,,,,,,,,,,,,,,,,,,,,,,,,,,,,,,,,,,,,,,,,,,,,,,,,,,,,,,,,,,,,,,,,,,,,,,,,,,,,,,,,,,,,,,,,,,,,,,,,,,,,,,yt,001,,,2020_Sep_05_1838,reactive_intentional_encoding_looped,3.2.4,60.46438778642587,
Great job! Now we will see how well you remember which images go together.,Press space to continue!,None,None,None,None,0,0.3,0.0,-0.4, , , , , ,,,,,,,,,,,,,,,,,,,,,,,,,,,,,,,0,0,0,0,,,,,,,,,,,,,,,,,,,,,,,,,,,,,,,,,,,,,,,,,,,,,,,,,,,,,,,,,,,,,,,,,,,,,,,,,24.643393267004285,None,24.643393267004285,None,24.643393267004285,None,space,0.70577523499378,24.676412058004644,None,,,,,,,,,,,,,,,,,,,,,,,,,,,,,,,,,,,,,,,,,,,,,,,,,,,,,,,,,,,,,,,,,,,,,,,,,,,,,,,,,,,,,,,,,,,,,,,,,,,,,,,,,,,,,,,,,,,,,,,,,,,,,,,,yt,001,,,2020_Sep_05_1838,reactive_intentional_encoding_looped,3.2.4,60.46438778642587,
"You will first see one image, like below. Your job is to recall the image that it was paired with when you see this image.",Press space to continue!,instruction_images/jessica_alba.jpg,None,None,None,0,0.3,0.0,-0.4, , , , , ,,,,,,,,,,,,,,,,,,,,,,,,,,,,,,,0,1,1,1,,,,,,,,,,,,,,,,,,,,,,,,,,,,,,,,,,,,,,,,,,,,,,,,,,,,,,,,,,,,,,,,,,,,,,,,,25.479453998006647,None,25.479453998006647,None,25.479453998006647,None,space,0.6246061609999742,25.528215694997925,None,,,,,,,,,,,,,,,,,,,,,,,,,,,,,,,,,,,,,,,,,,,,,,,,,,,,,,,,,,,,,,,,,,,,,,,,,,,,,,,,,,,,,,,,,,,,,,,,,,,,,,,,,,,,,,,,,,,,,,,,,,,,,,,,yt,001,,,2020_Sep_05_1838,reactive_intentional_encoding_looped,3.2.4,60.46438778642587,
"Here, you should recall the book.",Press space to continue!,instruction_images/jessica_alba.jpg,None,None,None,0,0.3,0.0,-0.4,J,K,L, , ,,,,,,,,,,,,,,,,,,,,,,,,,,,,,,,0,2,2,2,,,,,,,,,,,,,,,,,,,,,,,,,,,,,,,,,,,,,,,,,,,,,,,,,,,,,,,,,,,,,,,,,,,,,,,,,26.226350330980495,None,26.226350330980495,None,26.226350330980495,None,space,0.4661366530053783,26.25968916999409,None,,,,,,,,,,,,,,,,,,,,,,,,,,,,,,,,,,,,,,,,,,,,,,,,,,,,,,,,,,,,,,,,,,,,,,,,,,,,,,,,,,,,,,,,,,,,,,,,,,,,,,,,,,,,,,,,,,,,,,,,,,,,,,,,yt,001,,,2020_Sep_05_1838,reactive_intentional_encoding_looped,3.2.4,60.46438778642587,
"Then, you will see 3 other images and your job is to select the correct image pair. Use the keys 'J', 'K', or 'L' to indicate your choice.",Press space to continue!,instruction_images/jessica_alba.jpg,instruction_images/oldBook.png,instruction_images/alpaca_fo.jpg,instruction_images/antlers.jpg,0,0.3,0.0,-0.4,J,K,L, , ,,,,,,,,,,,,,,,,,,,,,,,,,,,,,,,,,,,0,0,0,0,,,,,,,,,,,,,,,,,,,,,,,,,,,,,,,,,,,,,,,,,,,,,,,,,,,,,,,,,,,,,,,,,,,,,,,,,,,,,,,26.909563972003525,None,26.909563972003525,None,space,0.30041773698758334,27.19333990997984,None,26.909563972003525,None,26.909563972003525,None,26.909563972003525,None,26.909563972003525,None,26.909563972003525,None,26.909563972003525,None,26.909563972003525,None,,,,,,,,,,,,,,,,,,,,,,,,,,,,,,,,,,,,,,,,,,,,,,,,,,,,,,,,,,,,,,,,,,,,,,,,,,,,,,,,,,,,,,,,,,,,,,,,,,,,,,,,,,yt,001,,,2020_Sep_05_1838,reactive_intentional_encoding_looped,3.2.4,60.46438778642587,
"Here, you should press 'L' because the woman, Jessica Alba, was paired with the book.",Press 'L' to continue!,None,instruction_images/oldBook.png,instruction_images/alpaca_fo.jpg,instruction_images/antlers.jpg,0,0.3,0.0,-0.4,J,K,L, , ,,,,,,,,,,,,,,,,,,,,,,,,,,,,,,,,,,,0,1,1,1,,,,,,,,,,,,,,,,,,,,,,,,,,,,,,,,,,,,,,,,,,,,,,,,,,,,,,,,,,,,,,,,,,,,,,,,,,,,,,,27.67671958700521,None,27.67671958700521,None,space,0.0697682409954723,27.9760355920007,None,27.67671958700521,None,27.67671958700521,None,27.67671958700521,None,27.67671958700521,None,27.67671958700521,None,27.67671958700521,None,27.67671958700521,None,,,,,,,,,,,,,,,,,,,,,,,,,,,,,,,,,,,,,,,,,,,,,,,,,,,,,,,,,,,,,,,,,,,,,,,,,,,,,,,,,,,,,,,,,,,,,,,,,,,,,,,,,,yt,001,,,2020_Sep_05_1838,reactive_intentional_encoding_looped,3.2.4,60.46438778642587,
This portion is timed. Respond quickly and think of your answer as soon as you see the first image. ,Press space to continue!,None,instruction_images/oldBook.png,instruction_images/alpaca_fo.jpg,instruction_images/antlers.jpg,0,0.3,0.0,-0.4,J,K,L, , ,,,,,,,,,,,,,,,,,,,,,,,,,,,,,,,,,,,0,2,2,2,,,,,,,,,,,,,,,,,,,,,,,,,,,,,,,,,,,,,,,,,,,,,,,,,,,,,,,,,,,,,,,,,,,,,,,,,,,,,,,28.193058339005802,None,28.193058339005802,None,space,0.013866121007595211,28.510845472977962,None,28.193058339005802,None,28.193058339005802,None,28.193058339005802,None,28.193058339005802,None,28.193058339005802,None,28.193058339005802,None,28.193058339005802,None,,,,,,,,,,,,,,,,,,,,,,,,,,,,,,,,,,,,,,,,,,,,,,,,,,,,,,,,,,,,,,,,,,,,,,,,,,,,,,,,,,,,,,,,,,,,,,,,,,,,,,,,,,yt,001,,,2020_Sep_05_1838,reactive_intentional_encoding_looped,3.2.4,60.46438778642587,
"These keyboard options will remain on the screen under each image as a reminder throughout the task. If you don't know the answer, take a guess. After you select your answer, you will then be shown the correct image. Re-study the image pairs because you will be tested again at the end.",Press space to continue!,None,instruction_images/oldBook.png,instruction_images/alpaca_fo.jpg,instruction_images/antlers.jpg,0,0.3,0.0,-0.4,J,K,L, , ,,,,,,,,,,,,,,,,,,,,,,,,,,,,,,,,,,,0,3,3,3,,,,,,,,,,,,,,,,,,,,,,,,,,,,,,,,,,,,,,,,,,,,,,,,,,,,,,,,,,,,,,,,,,,,,,,,,,,,,,,28.759558539983118,None,28.759558539983118,None,space,0.3410208029963542,29.059661852981662,None,28.759558539983118,None,28.759558539983118,None,28.759558539983118,None,28.759558539983118,None,28.759558539983118,None,28.759558539983118,None,28.759558539983118,None,,,,,,,,,,,,,,,,,,,,,,,,,,,,,,,,,,,,,,,,,,,,,,,,,,,,,,,,,,,,,,,,,,,,,,,,,,,,,,,,,,,,,,,,,,,,,,,,,,,,,,,,,,yt,001,,,2020_Sep_05_1838,reactive_intentional_encoding_looped,3.2.4,60.46438778642587,
"First, we'll do a practice. Put your right hand on the keyboard and get ready to respond! When you're ready to start, press space.",Press space to continue!,None,instruction_images/oldBook.png,instruction_images/alpaca_fo.jpg,instruction_images/antlers.jpg,0,0.3,0.0,-0.4, , , , , ,,,,,,,,,,,,,,,,,,,,,,,,,,,,,,,,,,,0,4,4,4,,,,,,,,,,,,,,,,,,,,,,,,,,,,,,,,,,,,,,,,,,,,,,,,,,,,,,,,,,,,,,,,,,,,,,,,,,,,,,,29.55962530898978,None,29.55962530898978,None,space,0.20006203398224898,29.892600911989575,None,29.55962530898978,None,29.55962530898978,None,29.55962530898978,None,29.55962530898978,None,29.55962530898978,None,29.55962530898978,None,29.55962530898978,None,,,,,,,,,,,,,,,,,,,,,,,,,,,,,,,,,,,,,,,,,,,,,,,,,,,,,,,,,,,,,,,,,,,,,,,,,,,,,,,,,,,,,,,,,,,,,,,,,,,,,,,,,,yt,001,,,2020_Sep_05_1838,reactive_intentional_encoding_looped,3.2.4,60.46438778642587,
,,,,,,,,,,,,,,,1,images/giftbow01.png,images/willie_nelson_b.jpg,object-face,images/electricoutlet.png,images/chick.jpg,images/willie_nelson_b.jpg,0,0,practice,,,,,,,,,,,,,,,,,,,,,,,,,,,,,0,0,0,0,,,,,,,,,,,,,,,,,,,,,,,,,,,,,,,,,,,,,,,,,,,,,,,,,,,,,,,,,,,,,,,,,,,,,,,,,,,,,,,,,,,,,,,,,,,,,,,,,31.227699958981248,33.22715835098643,33.72618028099532,35.72729216198786,33.72618028099532,35.72729216198786,33.72618028099532,35.72729216198786,33.72618028099532,35.72729216198786,33.72618028099532,35.72729216198786,33.72618028099532,35.72729216198786,33.72618028099532,35.72729216198786,36.22737801299081,None,36.22737801299081,None,31.227699958981248,33.22715835098643,36.22737801299081,None,None,33.72618028099532,35.72729216198786,,,,,,,,,,,,,,,,,,,,,,,,,,,,,,,,,,,,,,,,,,,,,,,,,,,,,,,,,,,,,,,,,,,,,,,,,,,,,,,yt,001,,,2020_Sep_05_1838,reactive_intentional_encoding_looped,3.2.4,60.46438778642587,
,,,,,,,,,,,,,,,2,images/globe.png,images/earrings_dangling.jpg,object-scene,images/wrigley_field_b.jpg,images/barrel.jpg,images/wrigley_field_b.jpg,0,0,practice,,,,,,,,,,,,,,,,,,,,,,,,,,,,,0,1,1,1,,,,,,,,,,,,,,,,,,,,,,,,,,,,,,,,,,,,,,,,,,,,,,,,,,,,,,,,,,,,,,,,,,,,,,,,,,,,,,,,,,,,,,,,,,,,,,,,,40.24309548398014,42.24262528397958,42.743103677988984,None,42.743103677988984,None,42.743103677988984,None,42.743103677988984,None,42.743103677988984,None,42.743103677988984,None,42.743103677988984,None,None,None,None,None,40.24309548398014,42.24262528397958,None,None,k,42.743103677988984,None,1.7669026559742633,,,,,,,,,,,,,,,,,,,,,,,,,,,,,,,,,,,,,,,,,,,,,,,,,,,,,,,,,,,,,,,,,,,,,,,,,,,,,,yt,001,,,2020_Sep_05_1838,reactive_intentional_encoding_looped,3.2.4,60.46438778642587,
,,,,,,,,,,,,,,,3,images/glassBall.jpg,images/westminster_abbey_a.jpg,object-scene,images/beetle.png,images/statue_of_liberty.jpg,images/westminster_abbey_a.jpg,0,0,practice,,,,,,,,,,,,,,,,,,,,,,,,,,,,,0,2,2,2,,,,,,,,,,,,,,,,,,,,,,,,,,,,,,,,,,,,,,,,,,,,,,,,,,,,,,,,,,,,,,,,,,,,,,,,,,,,,,,,,,,,,,,,,,,,,,,,,45.57711582200136,47.576549570978386,48.07687129499391,None,48.07687129499391,None,48.07687129499391,None,48.07687129499391,None,48.07687129499391,None,48.07687129499391,None,48.07687129499391,None,None,None,None,None,45.57711582200136,47.576549570978386,None,None,l,48.07687129499391,None,1.7444308530248236,,,,,,,,,,,,,,,,,,,,,,,,,,,,,,,,,,,,,,,,,,,,,,,,,,,,,,,,,,,,,,,,,,,,,,,,,,,,,,yt,001,,,2020_Sep_05_1838,reactive_intentional_encoding_looped,3.2.4,60.46438778642587,
,,,,,,,,,,,,,,,,,,,,,,,,,,,,,,,,,,,,,,,,,,,,,,,,,,,,,,,,,,,,,,,,,,,,,,,,,,,,,,,,,,,,,,,,,,,,,,,,,,,,,,,,,,,,,,,,,,,,,,,,,,,,,,,,,,,,,,,,,,,,,,,,,,,,,,,,,,,,,,,,,,,,,,,,,,,,,,,,,,,,,49.845114901982015,None,space,4.115397296001902,49.845114901982015,None,,,,,,,,,,,,,,,,,,,,,,,,,,,,,,,,,,,,,,,,,,,,,,,,,,,,,,,,,,,,,,,,,,,,,,,,yt,001,,,2020_Sep_05_1838,reactive_intentional_encoding_looped,3.2.4,60.46438778642587,
,,,,,,,,,,,,,,,,,images/julia_roberts_c.jpg,,images/freedom_tower_c.jpg,images/dustin_hoffman_a.jpg,images/julia_roberts_c.jpg,,,,,images/mannequin.jpg,,images/newspaper_stack.png,object-face,,1,1,,,,,,,,,,,,,,,,,,,,,,,,,0,0,0,0,,,,,,,,,,,,,,,,,,,,,,,,,,,,,,,,,,,,,,,,,,,,,,,,,,,,,,,,,,,,,,,,,,,,,,,,,,,,,,,,,,,,,,,,,,,,,,,,,,,,,,,,,,,,,,,,,,,,,,,,,,,,,,,55.02459812298184,57.0268794799922,55.02459812298184,57.0268794799922,57.54771895398153,59.56067072600126,57.54771895398153,59.56067072600126,57.54771895398153,59.56067072600126,57.54771895398153,59.56067072600126,57.54771895398153,59.56067072600126,57.54771895398153,59.56067072600126,57.54771895398153,59.56067072600126,60.01080607899348,None,60.01080607899348,None,60.01080607899348,None,j,1.1546583230083343,57.54771895398153,59.56067072600126,,,,,,,,,,,,,,,,,,,,,,,,,,,,,,,,,,,,,,,,,,,,yt,001,,,2020_Sep_05_1838,reactive_intentional_encoding_looped,3.2.4,60.46438778642587,
,,,,,,,,,,,,,,,,,images/giza_pyramids_c.jpg,,images/fenway_park_a.jpg,images/dolly_parton_c.jpg,images/giza_pyramids_c.jpg,,,,,images/fan.png,,images/pencilCase.png,object-scene,,2,2,,,,,,,,,,,,,,,,,,,,,,,,,0,1,1,1,,,,,,,,,,,,,,,,,,,,,,,,,,,,,,,,,,,,,,,,,,,,,,,,,,,,,,,,,,,,,,,,,,,,,,,,,,,,,,,,,,,,,,,,,,,,,,,,,,,,,,,,,,,,,,,,,,,,,,,,,,,,,,,64.02445570900454,66.0557382349798,64.02445570900454,66.0557382349798,66.55724494799506,68.57221286999993,66.55724494799506,68.57221286999993,66.55724494799506,68.57221286999993,66.55724494799506,68.57221286999993,66.55724494799506,68.57221286999993,66.55724494799506,68.57221286999993,66.55724494799506,68.57221286999993,69.02294578100555,None,69.02294578100555,None,69.02294578100555,None,l,1.1979161979979835,66.55724494799506,68.57221286999993,,,,,,,,,,,,,,,,,,,,,,,,,,,,,,,,,,,,,,,,,,,,yt,001,,,2020_Sep_05_1838,reactive_intentional_encoding_looped,3.2.4,60.46438778642587,
,,,,,,,,,,,,,,,,,images/eiffel_tower_c.jpg,,images/bellagio_fountains_a.jpg,images/alec_baldwin_a.jpg,images/eiffel_tower_c.jpg,,,,,images/sundae_banana.jpg,,images/mitten.png,object-scene,,3,3,,,,,,,,,,,,,,,,,,,,,,,,,0,2,2,2,,,,,,,,,,,,,,,,,,,,,,,,,,,,,,,,,,,,,,,,,,,,,,,,,,,,,,,,,,,,,,,,,,,,,,,,,,,,,,,,,,,,,,,,,,,,,,,,,,,,,,,,,,,,,,,,,,,,,,,,,,,,,,,73.02213252900401,75.02369734100648,73.02213252900401,75.02369734100648,75.55441556300502,77.5762618269946,75.55441556300502,77.5762618269946,75.55441556300502,77.5762618269946,75.55441556300502,77.5762618269946,75.55441556300502,77.5762618269946,75.55441556300502,77.5762618269946,75.55441556300502,77.5762618269946,78.01168028198299,None,78.01168028198299,None,78.01168028198299,None,None,,75.55441556300502,77.5762618269946,,,,,,,,,,,,,,,,,,,,,,,,,,,,,,,,,,,,,,,,,,,,yt,001,,,2020_Sep_05_1838,reactive_intentional_encoding_looped,3.2.4,60.46438778642587,
,,,,,,,,,,,,,,,,,images/ellen_degeneres_b.jpg,,images/daniel_craig_a.jpg,images/chrysler_building_a.jpg,images/ellen_degeneres_b.jpg,,,,,images/fuzzydice.jpg,,images/soap.png,object-face,,4,4,,,,,,,,,,,,,,,,,,,,,,,,,0,3,3,3,,,,,,,,,,,,,,,,,,,,,,,,,,,,,,,,,,,,,,,,,,,,,,,,,,,,,,,,,,,,,,,,,,,,,,,,,,,,,,,,,,,,,,,,,,,,,,,,,,,,,,,,,,,,,,,,,,,,,,,,,,,,,,,82.02079278300516,84.02284540300025,82.02079278300516,84.02284540300025,84.55756812100299,86.59358556900406,84.55756812100299,86.59358556900406,84.55756812100299,86.59358556900406,84.55756812100299,86.59358556900406,84.55756812100299,86.59358556900406,84.55756812100299,86.59358556900406,84.55756812100299,86.59358556900406,87.01161880500149,None,87.01161880500149,None,87.01161880500149,None,j,1.7687099530012347,84.55756812100299,86.59358556900406,,,,,,,,,,,,,,,,,,,,,,,,,,,,,,,,,,,,,,,,,,,,yt,001,,,2020_Sep_05_1838,reactive_intentional_encoding_looped,3.2.4,60.46438778642587,
,,,,,,,,,,,,,,,,,images/capitol_hill_a.jpg,,images/ben_stiller_a.jpg,images/golden_gate_bridge_b.jpg,images/golden_gate_bridge_b.jpg,,,,,images/checkers_board.png,,images/mop.png,object-scene,,5,5,,,,,,,,,,,,,,,,,,,,,,,,,0,4,4,4,,,,,,,,,,,,,,,,,,,,,,,,,,,,,,,,,,,,,,,,,,,,,,,,,,,,,,,,,,,,,,,,,,,,,,,,,,,,,,,,,,,,,,,,,,,,,,,,,,,,,,,,,,,,,,,,,,,,,,,,,,,,,,,91.03670751099708,93.05202319798991,91.03670751099708,93.05202319798991,93.54695376098971,95.55214487499325,93.54695376098971,95.55214487499325,93.54695376098971,95.55214487499325,93.54695376098971,95.55214487499325,93.54695376098971,95.55214487499325,93.54695376098971,95.55214487499325,93.54695376098971,95.55214487499325,96.0198707569798,None,96.0198707569798,None,96.0198707569798,None,l,1.6873860739869997,93.54695376098971,95.55214487499325,,,,,,,,,,,,,,,,,,,,,,,,,,,,,,,,,,,,,,,,,,,,yt,001,,,2020_Sep_05_1838,reactive_intentional_encoding_looped,3.2.4,60.46438778642587,
,,,,,,,,,,,,,,,,,images/glacier_national_park_c.jpg,,images/elton_john_b.jpg,images/great_zimbabwe_b.jpg,images/glacier_national_park_c.jpg,,,,,images/bib.png,,images/paintcan.jpg,object-scene,,6,6,,,,,,,,,,,,,,,,,,,,,,,,,0,5,5,5,,,,,,,,,,,,,,,,,,,,,,,,,,,,,,,,,,,,,,,,,,,,,,,,,,,,,,,,,,,,,,,,,,,,,,,,,,,,,,,,,,,,,,,,,,,,,,,,,,,,,,,,,,,,,,,,,,,,,,,,,,,,,,,100.0425409959862,102.05124008399434,100.0425409959862,102.05124008399434,102.55958721900242,104.59323090498219,102.55958721900242,104.59323090498219,102.55958721900242,104.59323090498219,102.55958721900242,104.59323090498219,102.55958721900242,104.59323090498219,102.55958721900242,104.59323090498219,102.55958721900242,104.59323090498219,105.02686917598476,None,105.02686917598476,None,105.02686917598476,None,None,,102.55958721900242,104.59323090498219,,,,,,,,,,,,,,,,,,,,,,,,,,,,,,,,,,,,,,,,,,,,yt,001,,,2020_Sep_05_1838,reactive_intentional_encoding_looped,3.2.4,60.46438778642587,
,,,,,,,,,,,,,,,,,images/courtney_cox_c.jpg,,images/cher_c.jpg,images/central_park_castle_b.jpg,images/courtney_cox_c.jpg,,,,,images/figurine_ballerina.jpg,,images/pan_muffin.png,object-face,,7,7,,,,,,,,,,,,,,,,,,,,,,,,,0,6,6,6,,,,,,,,,,,,,,,,,,,,,,,,,,,,,,,,,,,,,,,,,,,,,,,,,,,,,,,,,,,,,,,,,,,,,,,,,,,,,,,,,,,,,,,,,,,,,,,,,,,,,,,,,,,,,,,,,,,,,,,,,,,,,,,109.04292663000524,111.04267637399607,109.04292663000524,111.04267637399607,111.55873045898625,113.58405002599466,111.55873045898625,113.58405002599466,111.55873045898625,113.58405002599466,111.55873045898625,113.58405002599466,111.55873045898625,113.58405002599466,111.55873045898625,113.58405002599466,111.55873045898625,113.58405002599466,114.02693234698381,None,114.02693234698381,None,114.02693234698381,None,j,1.2338179019861855,111.55873045898625,113.58405002599466,,,,,,,,,,,,,,,,,,,,,,,,,,,,,,,,,,,,,,,,,,,,yt,001,,,2020_Sep_05_1838,reactive_intentional_encoding_looped,3.2.4,60.46438778642587,
,,,,,,,,,,,,,,,,,images/dome_of_the_rock_b.jpg,,images/demi_moore_c.jpg,images/arches_national_park_a.jpg,images/arches_national_park_a.jpg,,,,,images/champagne.jpg,,images/noisemaker.jpg,object-scene,,8,8,,,,,,,,,,,,,,,,,,,,,,,,,0,7,7,7,,,,,,,,,,,,,,,,,,,,,,,,,,,,,,,,,,,,,,,,,,,,,,,,,,,,,,,,,,,,,,,,,,,,,,,,,,,,,,,,,,,,,,,,,,,,,,,,,,,,,,,,,,,,,,,,,,,,,,,,,,,,,,,118.0363910330052,120.04901723799412,118.0363910330052,120.04901723799412,120.56651768900338,122.56593378799153,120.56651768900338,122.56593378799153,120.56651768900338,122.56593378799153,120.56651768900338,122.56593378799153,120.56651768900338,122.56593378799153,120.56651768900338,122.56593378799153,120.56651768900338,122.56593378799153,123.02515390497865,None,123.02515390497865,None,123.02515390497865,None,l,1.6586749840062112,120.56651768900338,122.56593378799153,,,,,,,,,,,,,,,,,,,,,,,,,,,,,,,,,,,,,,,,,,,,yt,001,,,2020_Sep_05_1838,reactive_intentional_encoding_looped,3.2.4,60.46438778642587,
,,,,,,,,,,,,,,,,,images/queen_elizabeth_a.jpg,,images/david_bowie_b.jpg,images/colosseum_b.jpg,images/queen_elizabeth_a.jpg,,,,,images/dog_toy.png,,images/paper towel.jpg,object-face,,9,9,,,,,,,,,,,,,,,,,,,,,,,,,0,8,8,8,,,,,,,,,,,,,,,,,,,,,,,,,,,,,,,,,,,,,,,,,,,,,,,,,,,,,,,,,,,,,,,,,,,,,,,,,,,,,,,,,,,,,,,,,,,,,,,,,,,,,,,,,,,,,,,,,,,,,,,,,,,,,,,127.01679416399566,129.02785370199126,127.01679416399566,129.02785370199126,129.54235385198263,131.57578206900507,129.54235385198263,131.57578206900507,129.54235385198263,131.57578206900507,129.54235385198263,131.57578206900507,129.54235385198263,131.57578206900507,129.54235385198263,131.57578206900507,129.54235385198263,131.57578206900507,132.0116596299922,None,132.0116596299922,None,132.0116596299922,None,j,0.8345880720007699,129.54235385198263,131.57578206900507,,,,,,,,,,,,,,,,,,,,,,,,,,,,,,,,,,,,,,,,,,,,yt,001,,,2020_Sep_05_1838,reactive_intentional_encoding_looped,3.2.4,60.46438778642587,
,,,,,,,,,,,,,,,,,images/flatiron_building_b.jpg,,images/enrique_iglesias_a.jpg,images/grand_central_b.jpg,images/flatiron_building_b.jpg,,,,,images/flipflopsBlue.png,,images/paddle.png,object-scene,,10,10,,,,,,,,,,,,,,,,,,,,,,,,,0,9,9,9,,,,,,,,,,,,,,,,,,,,,,,,,,,,,,,,,,,,,,,,,,,,,,,,,,,,,,,,,,,,,,,,,,,,,,,,,,,,,,,,,,,,,,,,,,,,,,,,,,,,,,,,,,,,,,,,,,,,,,,,,,,,,,,136.04234914499102,138.0424988239829,136.04234914499102,138.0424988239829,138.55868254200323,140.57586313798674,138.55868254200323,140.57586313798674,138.55868254200323,140.57586313798674,138.55868254200323,140.57586313798674,138.55868254200323,140.57586313798674,138.55868254200323,140.57586313798674,138.55868254200323,140.57586313798674,141.0278254529985,None,141.0278254529985,None,141.0278254529985,None,l,1.3470250260143075,138.55868254200323,140.57586313798674,,,,,,,,,,,,,,,,,,,,,,,,,,,,,,,,,,,,,,,,,,,,yt,001,,,2020_Sep_05_1838,reactive_intentional_encoding_looped,3.2.4,60.46438778642587,
,,,,,,,,,,,,,,,,,images/ben_affleck_a.jpg,,images/brooklyn_bridge_a.jpg,images/gwen_stefani_c.jpg,images/gwen_stefani_c.jpg,,,,,images/castle_sand.png,,images/mask_hockeygoalie.png,object-face,,11,11,,,,,,,,,,,,,,,,,,,,,,,,,0,10,10,10,,,,,,,,,,,,,,,,,,,,,,,,,,,,,,,,,,,,,,,,,,,,,,,,,,,,,,,,,,,,,,,,,,,,,,,,,,,,,,,,,,,,,,,,,,,,,,,,,,,,,,,,,,,,,,,,,,,,,,,,,,,,,,,145.02836377199856,147.04233265298535,145.02836377199856,147.04233265298535,147.5428746859834,149.57571994999307,147.5428746859834,149.57571994999307,147.5428746859834,149.57571994999307,147.5428746859834,149.57571994999307,147.5428746859834,149.57571994999307,147.5428746859834,149.57571994999307,147.5428746859834,149.57571994999307,150.0113582519989,None,150.0113582519989,None,150.0113582519989,None,l,1.881451855006162,147.5428746859834,149.57571994999307,,,,,,,,,,,,,,,,,,,,,,,,,,,,,,,,,,,,,,,,,,,,yt,001,,,2020_Sep_05_1838,reactive_intentional_encoding_looped,3.2.4,60.46438778642587,
,,,,,,,,,,,,,,,,,images/jimmy_fallon.jpg,,images/conan_obrien_a.jpg,images/chichen_itza_b.jpg,images/jimmy_fallon.jpg,,,,,images/flute_wooden.jpg,,images/mechanic.jpg,object-face,,12,12,,,,,,,,,,,,,,,,,,,,,,,,,0,11,11,11,,,,,,,,,,,,,,,,,,,,,,,,,,,,,,,,,,,,,,,,,,,,,,,,,,,,,,,,,,,,,,,,,,,,,,,,,,,,,,,,,,,,,,,,,,,,,,,,,,,,,,,,,,,,,,,,,,,,,,,,,,,,,,,154.04167958599282,156.0591041559819,154.04167958599282,156.0591041559819,156.56031415998586,158.5812360550044,156.56031415998586,158.5812360550044,156.56031415998586,158.5812360550044,156.56031415998586,158.5812360550044,156.56031415998586,158.5812360550044,156.56031415998586,158.5812360550044,156.56031415998586,158.5812360550044,159.02794604797964,None,159.02794604797964,None,159.02794604797964,None,k,1.6617074210080318,156.56031415998586,158.5812360550044,,,,,,,,,,,,,,,,,,,,,,,,,,,,,,,,,,,,,,,,,,,,yt,001,,,2020_Sep_05_1838,reactive_intentional_encoding_looped,3.2.4,60.46438778642587,
,,,,,,,,,,,,,,,,,,,,,,,,,,,,,,,,,,,,,,,,,,,,,,,,,,,,,,,,,,,,,,,,,,,,,,,,,,,,,,,,,,,,,,,,,,,,,,,,,,,,,,,,,,,,,,,,,,,,,,,,,,,,,,,,,,,,,,,,,,,,,,,,,,,,,,,,,,,,,,,,,,,,,,,,,,,,,,,,,,,,,,,,,,,,,,,,,,,,,,,,,,,,,,,,,,,,,,,162.02780211600475,None,space,6.441056026989827,162.24272682200535,None,,,,,,,,,,,,,,,,,,,,,,,,,,,,,,,,,,,,,,yt,001,,,2020_Sep_05_1838,reactive_intentional_encoding_looped,3.2.4,60.46438778642587,
,,,,,,,,,,,,,,,,,,,,,,,,,13,images/milk_shake.jpg,images/acropolis_c.jpg,images/milk_shake.jpg,object-scene,None,,,,,,,,,,,,,,,,,,,,,,,,,,,,,,,0,0,0,0,,,,,,,,,,,,,,,,,,,,,,,,,,,,,,,,,,,,,,,,,,,,,,,,,,,,,,,,,,,,,,,,,,,,,,,,,,,,,,,,,,,,,,,,,,,,,,,,,,,,,,,,,,,,,,,,,,,,,,,,,,,,,,,,,,,,,,,,,,,,,,,,,,,,,,,,,,,,,169.22539590697852,None,169.22539590697852,None,,,,,,,,,,,,,,,,,,,,,,,,,,,,,,,,,,yt,001,,,2020_Sep_05_1838,reactive_intentional_encoding_looped,3.2.4,60.46438778642587,
,,,,,,,,,,,,,,,,,,,,,,,,,14,images/ball_8.png,images/waikiki_c.jpg,images/pen.png,object-scene,None,,,,,,,,,,,,,,,,,,,,,,,,,,,,,,,0,1,1,1,,,,,,,,,,,,,,,,,,,,,,,,,,,,,,,,,,,,,,,,,,,,,,,,,,,,,,,,,,,,,,,,,,,,,,,,,,,,,,,,,,,,,,,,,,,,,,,,,,,,,,,,,,,,,,,,,,,,,,,,,,,,,,,,,,,,,,,,,,,,,,,,,,,,,,,,,,,,,170.2414695439802,None,170.2414695439802,None,,,,,,,,,,,,,,,,,,,,,,,,,,,,,,,,,,yt,001,,,2020_Sep_05_1838,reactive_intentional_encoding_looped,3.2.4,60.46438778642587,
,,,,,,,,,,,,,,,,,,,,,,,,,15,images/guitar_electric.png,images/grand_tetons_a.jpg,images/ruler_triangle.png,object-scene,None,,,,,,,,,,,,,,,,,,,,,,,,,,,,,,,0,2,2,2,,,,,,,,,,,,,,,,,,,,,,,,,,,,,,,,,,,,,,,,,,,,,,,,,,,,,,,,,,,,,,,,,,,,,,,,,,,,,,,,,,,,,,,,,,,,,,,,,,,,,,,,,,,,,,,,,,,,,,,,,,,,,,,,,,,,,,,,,,,,,,,,,,,,,,,,,,,,,171.20907021599123,None,171.20907021599123,None,,,,,,,,,,,,,,,,,,,,,,,,,,,,,,,,,,yt,001,,,2020_Sep_05_1838,reactive_intentional_encoding_looped,3.2.4,60.46438778642587,
,,,,,,,,,,,,,,,,,,,,,,,,,16,images/feather.png,images/george_clooney_a.jpg,images/pants_firefighter.jpg,object-face,None,,,,,,,,,,,,,,,,,,,,,,,,,,,,,,,0,3,3,3,,,,,,,,,,,,,,,,,,,,,,,,,,,,,,,,,,,,,,,,,,,,,,,,,,,,,,,,,,,,,,,,,,,,,,,,,,,,,,,,,,,,,,,,,,,,,,,,,,,,,,,,,,,,,,,,,,,,,,,,,,,,,,,,,,,,,,,,,,,,,,,,,,,,,,,,,,,,,172.1923967579787,None,172.1923967579787,None,,,,,,,,,,,,,,,,,,,,,,,,,,,,,,,,,,yt,001,,,2020_Sep_05_1838,reactive_intentional_encoding_looped,3.2.4,60.46438778642587,
,,,,,,,,,,,,,,,,,,,,,,,,,17,images/quartz.png,images/jennifer_aniston_a.jpg,images/wreath.png,object-face,None,,,,,,,,,,,,,,,,,,,,,,,,,,,,,,,0,4,4,4,,,,,,,,,,,,,,,,,,,,,,,,,,,,,,,,,,,,,,,,,,,,,,,,,,,,,,,,,,,,,,,,,,,,,,,,,,,,,,,,,,,,,,,,,,,,,,,,,,,,,,,,,,,,,,,,,,,,,,,,,,,,,,,,,,,,,,,,,,,,,,,,,,,,,,,,,,,,,173.17545116398833,172.70892839698354,173.17545116398833,172.70892839698354,,,,,,,,,,,,,,,,,,,,,,,,,,,,,,,,,,yt,001,,,2020_Sep_05_1838,reactive_intentional_encoding_looped,3.2.4,60.46438778642587,
,,,,,,,,,,,,,,,,,,,,,,,,,18,images/donutFloaty.jpg,images/joshua_tree_c.jpg,images/watergun.png,object-scene,None,,,,,,,,,,,,,,,,,,,,,,,,,,,,,,,0,5,5,5,,,,,,,,,,,,,,,,,,,,,,,,,,,,,,,,,,,,,,,,,,,,,,,,,,,,,,,,,,,,,,,,,,,,,,,,,,,,,,,,,,,,,,,,,,,,,,,,,,,,,,,,,,,,,,,,,,,,,,,,,,,,,,,,,,,,,,,,,,,,,,,,,,,,,,,,,,,,,174.1922071199806,173.70857167200302,174.1922071199806,173.70857167200302,,,,,,,,,,,,,,,,,,,,,,,,,,,,,,,,,,yt,001,,,2020_Sep_05_1838,reactive_intentional_encoding_looped,3.2.4,60.46438778642587,
,,,,,,,,,,,,,,,,,,,,,,,,,19,images/firehydrant.png,images/times_square_b.jpg,images/origamiPaper.png,object-scene,None,,,,,,,,,,,,,,,,,,,,,,,,,,,,,,,0,6,6,6,,,,,,,,,,,,,,,,,,,,,,,,,,,,,,,,,,,,,,,,,,,,,,,,,,,,,,,,,,,,,,,,,,,,,,,,,,,,,,,,,,,,,,,,,,,,,,,,,,,,,,,,,,,,,,,,,,,,,,,,,,,,,,,,,,,,,,,,,,,,,,,,,,,,,,,,,,,,,175.2089996750001,174.7255234909826,175.2089996750001,174.7255234909826,,,,,,,,,,,,,,,,,,,,,,,,,,,,,,,,,,yt,001,,,2020_Sep_05_1838,reactive_intentional_encoding_looped,3.2.4,60.46438778642587,
,,,,,,,,,,,,,,,,,,,,,,,,,20,images/ring_diamond.png,images/mark_zuckerberg_c.jpg,images/megaphone.png,object-face,None,,,,,,,,,,,,,,,,,,,,,,,,,,,,,,,0,7,7,7,,,,,,,,,,,,,,,,,,,,,,,,,,,,,,,,,,,,,,,,,,,,,,,,,,,,,,,,,,,,,,,,,,,,,,,,,,,,,,,,,,,,,,,,,,,,,,,,,,,,,,,,,,,,,,,,,,,,,,,,,,,,,,,,,,,,,,,,,,,,,,,,,,,,,,,,,,,,,176.2089585439826,175.73038660400198,176.2089585439826,175.73038660400198,,,,,,,,,,,,,,,,,,,,,,,,,,,,,,,,,,yt,001,,,2020_Sep_05_1838,reactive_intentional_encoding_looped,3.2.4,60.46438778642587,
,,,,,,,,,,,,,,,,,,,,,,,,,21,images/skirt.jpg,images/cn_tower_b.jpg,images/paddle ball.jpg,object-scene,None,,,,,,,,,,,,,,,,,,,,,,,,,,,,,,,0,8,8,8,,,,,,,,,,,,,,,,,,,,,,,,,,,,,,,,,,,,,,,,,,,,,,,,,,,,,,,,,,,,,,,,,,,,,,,,,,,,,,,,,,,,,,,,,,,,,,,,,,,,,,,,,,,,,,,,,,,,,,,,,,,,,,,,,,,,,,,,,,,,,,,,,,,,,,,,,,,,,177.20892614198965,176.7257338409836,177.20892614198965,176.7257338409836,,,,,,,,,,,,,,,,,,,,,,,,,,,,,,,,,,yt,001,,,2020_Sep_05_1838,reactive_intentional_encoding_looped,3.2.4,60.46438778642587,
,,,,,,,,,,,,,,,,,,,,,,,,,22,images/portapotty.png,images/michelle_obama_a.jpg,images/microwave.png,object-face,None,,,,,,,,,,,,,,,,,,,,,,,,,,,,,,,0,9,9,9,,,,,,,,,,,,,,,,,,,,,,,,,,,,,,,,,,,,,,,,,,,,,,,,,,,,,,,,,,,,,,,,,,,,,,,,,,,,,,,,,,,,,,,,,,,,,,,,,,,,,,,,,,,,,,,,,,,,,,,,,,,,,,,,,,,,,,,,,,,,,,,,,,,,,,,,,,,,,178.20832207400235,177.7278667789942,178.20832207400235,177.7278667789942,,,,,,,,,,,,,,,,,,,,,,,,,,,,,,,,,,yt,001,,,2020_Sep_05_1838,reactive_intentional_encoding_looped,3.2.4,60.46438778642587,
,,,,,,,,,,,,,,,,,,,,,,,,,23,images/shield_antique.png,images/drew_barrymore_c.jpg,images/mask_black.jpg,object-face,None,,,,,,,,,,,,,,,,,,,,,,,,,,,,,,,0,10,10,10,,,,,,,,,,,,,,,,,,,,,,,,,,,,,,,,,,,,,,,,,,,,,,,,,,,,,,,,,,,,,,,,,,,,,,,,,,,,,,,,,,,,,,,,,,,,,,,,,,,,,,,,,,,,,,,,,,,,,,,,,,,,,,,,,,,,,,,,,,,,,,,,,,,,,,,,,,,,,179.2088567139872,None,179.2088567139872,None,,,,,,,,,,,,,,,,,,,,,,,,,,,,,,,,,,yt,001,,,2020_Sep_05_1838,reactive_intentional_encoding_looped,3.2.4,60.46438778642587,
,,,,,,,,,,,,,,,,,,,,,,,,,24,images/snorkle.jpg,images/amy_poehler_c.jpg,images/mug.png,object-face,None,,,,,,,,,,,,,,,,,,,,,,,,,,,,,,,0,11,11,11,,,,,,,,,,,,,,,,,,,,,,,,,,,,,,,,,,,,,,,,,,,,,,,,,,,,,,,,,,,,,,,,,,,,,,,,,,,,,,,,,,,,,,,,,,,,,,,,,,,,,,,,,,,,,,,,,,,,,,,,,,,,,,,,,,,,,,,,,,,,,,,,,,,,,,,,,,,,,180.22568932099966,None,180.22568932099966,None,,,,,,,,,,,,,,,,,,,,,,,,,,,,,,,,,,yt,001,,,2020_Sep_05_1838,reactive_intentional_encoding_looped,3.2.4,60.46438778642587,
,,,,,,,,,,,,,,,,,,,,,,,,,,,,,,,,,,,,,,,,,,,,,,,,,,,,,,,,,,,,,,,,,,,,,,,,,,,,,,,,,,,,,,,,,,,,,,,,,,,,,,,,,,,,,,,,,,,,,,,,,,,,,,,,,,,,,,,,,,,,,,,,,,,,,,,,,,,,,,,,,,,,,,,,,,,,,,,,,,,,,,,,,,,,,,,,,,,,,,,,,,,,,,,,,,,,,,,,,,,,,,,,,180.70888853998622,None,space,1.49246052998933,180.70888853998622,None,,,,,,,,,,,,,,,,,,,,,,,,,,,,yt,001,,,2020_Sep_05_1838,reactive_intentional_encoding_looped,3.2.4,60.46438778642587,
,,,,,,,,,,,,,,,,,images/acropolis_c.jpg,,images/eric_bana_a.jpg,images/guggenheim_a.jpg,images/acropolis_c.jpg,,,,,images/milk_shake.jpg,,images/milk_shake.jpg,object-scene,,13,13,,,,,,,,,,,,,,,,,,,,,,,,,,,,,,,,,0,0,0,0,,,,,,,,,,,,,,,,,,,,,,,,,,,,,,,,,,,,,,,,,,,,,,,,,,,,,,,,,,,,,,,,,,,,,,,,,,,,,,,,,,,,,,,,,,,,,,,,,,,,,,,,,,,,,,,,,,,,,,,,,,,,,,,,,,,,,,,,,,,,,,,,,,,,,,,,,,,,,,,,,,,183.25880022300407,185.27559170898166,183.25880022300407,185.27559170898166,185.7743412090058,187.77552840698627,185.7743412090058,187.77552840698627,185.7743412090058,187.77552840698627,185.7743412090058,187.77552840698627,185.7743412090058,187.77552840698627,185.7743412090058,187.77552840698627,185.7743412090058,187.77552840698627,188.24139825897873,None,188.24139825897873,None,188.24139825897873,None,None,185.7743412090058,187.77552840698627,yt,001,,,2020_Sep_05_1838,reactive_intentional_encoding_looped,3.2.4,60.46438778642587,
,,,,,,,,,,,,,,,,,images/joshua_tree_c.jpg,,images/gwyneth_paltrow_a.jpg,images/hoover_dam_a.jpg,images/joshua_tree_c.jpg,,,,,images/donutFloaty.jpg,,images/watergun.png,object-scene,,14,14,,,,,,,,,,,,,,,,,,,,,,,,,,,,,,,,,0,1,1,1,,,,,,,,,,,,,,,,,,,,,,,,,,,,,,,,,,,,,,,,,,,,,,,,,,,,,,,,,,,,,,,,,,,,,,,,,,,,,,,,,,,,,,,,,,,,,,,,,,,,,,,,,,,,,,,,,,,,,,,,,,,,,,,,,,,,,,,,,,,,,,,,,,,,,,,,,,,,,,,,,,,191.25734348100377,193.27391567098675,191.25734348100377,193.27391567098675,193.77511751500424,195.77554606398917,193.77511751500424,195.77554606398917,193.77511751500424,195.77554606398917,193.77511751500424,195.77554606398917,193.77511751500424,195.77554606398917,193.77511751500424,195.77554606398917,193.77511751500424,195.77554606398917,196.2405749229947,None,196.2405749229947,None,196.2405749229947,None,None,193.77511751500424,195.77554606398917,yt,001,,,2020_Sep_05_1838,reactive_intentional_encoding_looped,3.2.4,60.46438778642587,
,,,,,,,,,,,,,,,,,images/london_bridge_a.jpg,,images/hugh_grant_c.jpg,images/michelle_obama_a.jpg,images/michelle_obama_a.jpg,,,,,images/portapotty.png,,images/microwave.png,object-face,,15,15,,,,,,,,,,,,,,,,,,,,,,,,,,,,,,,,,0,2,2,2,,,,,,,,,,,,,,,,,,,,,,,,,,,,,,,,,,,,,,,,,,,,,,,,,,,,,,,,,,,,,,,,,,,,,,,,,,,,,,,,,,,,,,,,,,,,,,,,,,,,,,,,,,,,,,,,,,,,,,,,,,,,,,,,,,,,,,,,,,,,,,,,,,,,,,,,,,,,,,,,,,,199.24096834799275,201.2570172949927,199.24096834799275,201.2570172949927,201.75706012599403,203.7585200459871,201.75706012599403,203.7585200459871,201.75706012599403,203.7585200459871,201.75706012599403,203.7585200459871,201.75706012599403,203.7585200459871,201.75706012599403,203.7585200459871,201.75706012599403,203.7585200459871,204.22364991999348,None,204.22364991999348,None,204.22364991999348,None,None,201.75706012599403,203.7585200459871,yt,001,,,2020_Sep_05_1838,reactive_intentional_encoding_looped,3.2.4,60.46438778642587,
,,,,,,,,,,,,,,,,,images/fergie_a.jpg,,images/waikiki_c.jpg,images/gw_bridge_a.jpg,images/waikiki_c.jpg,,,,,images/ball_8.png,,images/pen.png,object-scene,,16,16,,,,,,,,,,,,,,,,,,,,,,,,,,,,,,,,,0,3,3,3,,,,,,,,,,,,,,,,,,,,,,,,,,,,,,,,,,,,,,,,,,,,,,,,,,,,,,,,,,,,,,,,,,,,,,,,,,,,,,,,,,,,,,,,,,,,,,,,,,,,,,,,,,,,,,,,,,,,,,,,,,,,,,,,,,,,,,,,,,,,,,,,,,,,,,,,,,,,,,,,,,,207.25624076699023,209.27531539698248,207.25624076699023,209.27531539698248,209.78992074998678,211.79106219200185,209.78992074998678,211.79106219200185,209.78992074998678,211.79106219200185,209.78992074998678,211.79106219200185,209.78992074998678,211.79106219200185,209.78992074998678,211.79106219200185,209.78992074998678,211.79106219200185,212.2413445150014,206.25659300299594,212.2413445150014,206.25659300299594,212.2413445150014,206.25659300299594,None,209.78992074998678,211.79106219200185,yt,001,,,2020_Sep_05_1838,reactive_intentional_encoding_looped,3.2.4,60.46438778642587,
,,,,,,,,,,,,,,,,,images/glenn_beck_b.jpg,,images/george_clooney_a.jpg,images/half_dome_yosemite_a.jpg,images/george_clooney_a.jpg,,,,,images/feather.png,,images/pants_firefighter.jpg,object-face,,17,17,,,,,,,,,,,,,,,,,,,,,,,,,,,,,,,,,0,4,4,4,,,,,,,,,,,,,,,,,,,,,,,,,,,,,,,,,,,,,,,,,,,,,,,,,,,,,,,,,,,,,,,,,,,,,,,,,,,,,,,,,,,,,,,,,,,,,,,,,,,,,,,,,,,,,,,,,,,,,,,,,,,,,,,,,,,,,,,,,,,,,,,,,,,,,,,,,,,,,,,,,,,215.25549621297978,217.25791659299284,215.25549621297978,217.25791659299284,217.77604712400353,219.80700545900618,217.77604712400353,219.80700545900618,217.77604712400353,219.80700545900618,217.77604712400353,219.80700545900618,217.77604712400353,219.80700545900618,217.77604712400353,219.80700545900618,217.77604712400353,219.80700545900618,220.2410447629809,None,220.2410447629809,None,220.2410447629809,None,None,217.77604712400353,219.80700545900618,yt,001,,,2020_Sep_05_1838,reactive_intentional_encoding_looped,3.2.4,60.46438778642587,
,,,,,,,,,,,,,,,,,images/jack_nicholson_c.jpg,,images/louvre_a.jpg,images/amy_poehler_c.jpg,images/amy_poehler_c.jpg,,,,,images/snorkle.jpg,,images/mug.png,object-face,,18,18,,,,,,,,,,,,,,,,,,,,,,,,,,,,,,,,,0,5,5,5,,,,,,,,,,,,,,,,,,,,,,,,,,,,,,,,,,,,,,,,,,,,,,,,,,,,,,,,,,,,,,,,,,,,,,,,,,,,,,,,,,,,,,,,,,,,,,,,,,,,,,,,,,,,,,,,,,,,,,,,,,,,,,,,,,,,,,,,,,,,,,,,,,,,,,,,,,,,,,,,,,,223.27125687798252,225.29120202100603,223.27125687798252,225.29120202100603,225.78730100300163,227.80798748799134,225.78730100300163,227.80798748799134,225.78730100300163,227.80798748799134,225.78730100300163,227.80798748799134,225.78730100300163,227.80798748799134,225.78730100300163,227.80798748799134,225.78730100300163,227.80798748799134,228.2569953140046,None,228.2569953140046,None,228.2569953140046,None,None,225.78730100300163,227.80798748799134,yt,001,,,2020_Sep_05_1838,reactive_intentional_encoding_looped,3.2.4,60.46438778642587,
,,,,,,,,,,,,,,,,,images/hugh_laurie_b.jpg,,images/drew_barrymore_c.jpg,images/london_eye_a.jpg,images/drew_barrymore_c.jpg,,,,,images/shield_antique.png,,images/mask_black.jpg,object-face,,19,19,,,,,,,,,,,,,,,,,,,,,,,,,,,,,,,,,0,6,6,6,,,,,,,,,,,,,,,,,,,,,,,,,,,,,,,,,,,,,,,,,,,,,,,,,,,,,,,,,,,,,,,,,,,,,,,,,,,,,,,,,,,,,,,,,,,,,,,,,,,,,,,,,,,,,,,,,,,,,,,,,,,,,,,,,,,,,,,,,,,,,,,,,,,,,,,,,,,,,,,,,,,231.25289583200356,233.2606771760038,231.25289583200356,233.2606771760038,233.79664587098523,235.82932258499204,233.79664587098523,235.82932258499204,233.79664587098523,235.82932258499204,233.79664587098523,235.82932258499204,233.79664587098523,235.82932258499204,233.79664587098523,235.82932258499204,233.79664587098523,235.82932258499204,236.2434845980024,None,236.2434845980024,None,236.2434845980024,None,None,233.79664587098523,235.82932258499204,yt,001,,,2020_Sep_05_1838,reactive_intentional_encoding_looped,3.2.4,60.46438778642587,
,,,,,,,,,,,,,,,,,images/jennifer_aniston_a.jpg,,images/hayden_planetarium_a.jpg,images/george_bush_c.jpg,images/jennifer_aniston_a.jpg,,,,,images/quartz.png,,images/wreath.png,object-face,,20,20,,,,,,,,,,,,,,,,,,,,,,,,,,,,,,,,,0,7,7,7,,,,,,,,,,,,,,,,,,,,,,,,,,,,,,,,,,,,,,,,,,,,,,,,,,,,,,,,,,,,,,,,,,,,,,,,,,,,,,,,,,,,,,,,,,,,,,,,,,,,,,,,,,,,,,,,,,,,,,,,,,,,,,,,,,,,,,,,,,,,,,,,,,,,,,,,,,,,,,,,,,,239.2529163849831,241.25777105399175,239.2529163849831,241.25777105399175,241.78674786599004,243.80233964399667,241.78674786599004,243.80233964399667,241.78674786599004,243.80233964399667,241.78674786599004,243.80233964399667,241.78674786599004,243.80233964399667,241.78674786599004,243.80233964399667,241.78674786599004,243.80233964399667,244.25203233098728,None,244.25203233098728,None,244.25203233098728,None,None,241.78674786599004,243.80233964399667,yt,001,,,2020_Sep_05_1838,reactive_intentional_encoding_looped,3.2.4,60.46438778642587,
,,,,,,,,,,,,,,,,,images/hagia_sophia_a.jpg,,images/grand_tetons_a.jpg,images/garth_brooks_a.jpg,images/grand_tetons_a.jpg,,,,,images/guitar_electric.png,,images/ruler_triangle.png,object-scene,,21,21,,,,,,,,,,,,,,,,,,,,,,,,,,,,,,,,,0,8,8,8,,,,,,,,,,,,,,,,,,,,,,,,,,,,,,,,,,,,,,,,,,,,,,,,,,,,,,,,,,,,,,,,,,,,,,,,,,,,,,,,,,,,,,,,,,,,,,,,,,,,,,,,,,,,,,,,,,,,,,,,,,,,,,,,,,,,,,,,,,,,,,,,,,,,,,,,,,,,,,,,,,,247.25198917399393,249.25206710398197,247.25198917399393,249.25206710398197,249.79057585500414,251.817861789983,249.79057585500414,251.817861789983,249.79057585500414,251.817861789983,249.79057585500414,251.817861789983,249.79057585500414,251.817861789983,249.79057585500414,251.817861789983,249.79057585500414,251.817861789983,252.2516022649943,None,252.2516022649943,None,252.2516022649943,None,None,249.79057585500414,251.817861789983,yt,001,,,2020_Sep_05_1838,reactive_intentional_encoding_looped,3.2.4,60.46438778642587,
,,,,,,,,,,,,,,,,,images/times_square_b.jpg,,images/halle_berry_b.jpg,images/independence_hall_a.jpg,images/times_square_b.jpg,,,,,images/firehydrant.png,,images/origamiPaper.png,object-scene,,22,22,,,,,,,,,,,,,,,,,,,,,,,,,,,,,,,,,0,9,9,9,,,,,,,,,,,,,,,,,,,,,,,,,,,,,,,,,,,,,,,,,,,,,,,,,,,,,,,,,,,,,,,,,,,,,,,,,,,,,,,,,,,,,,,,,,,,,,,,,,,,,,,,,,,,,,,,,,,,,,,,,,,,,,,,,,,,,,,,,,,,,,,,,,,,,,,,,,,,,,,,,,,255.27033022997784,257.267682538979,255.27033022997784,257.267682538979,257.7902933360019,259.8242231530021,257.7902933360019,259.8242231530021,257.7902933360019,259.8242231530021,257.7902933360019,259.8242231530021,257.7902933360019,259.8242231530021,257.7902933360019,259.8242231530021,257.7902933360019,259.8242231530021,260.2575331039843,None,260.2575331039843,None,260.2575331039843,None,None,257.7902933360019,259.8242231530021,yt,001,,,2020_Sep_05_1838,reactive_intentional_encoding_looped,3.2.4,60.46438778642587,
,,,,,,,,,,,,,,,,,images/heather_graham_b.jpg,,images/cn_tower_b.jpg,images/lincoln_center_a.jpg,images/cn_tower_b.jpg,,,,,images/skirt.jpg,,images/paddle ball.jpg,object-scene,,23,23,,,,,,,,,,,,,,,,,,,,,,,,,,,,,,,,,0,10,10,10,,,,,,,,,,,,,,,,,,,,,,,,,,,,,,,,,,,,,,,,,,,,,,,,,,,,,,,,,,,,,,,,,,,,,,,,,,,,,,,,,,,,,,,,,,,,,,,,,,,,,,,,,,,,,,,,,,,,,,,,,,,,,,,,,,,,,,,,,,,,,,,,,,,,,,,,,,,,,,,,,,,263.2489347329829,265.25057165598264,263.2489347329829,265.25057165598264,265.7887712850061,267.8077467919793,265.7887712850061,267.8077467919793,265.7887712850061,267.8077467919793,265.7887712850061,267.8077467919793,265.7887712850061,267.8077467919793,265.7887712850061,267.8077467919793,265.7887712850061,267.8077467919793,268.2405891100061,None,268.2405891100061,None,268.2405891100061,None,None,265.7887712850061,267.8077467919793,yt,001,,,2020_Sep_05_1838,reactive_intentional_encoding_looped,3.2.4,60.46438778642587,
,,,,,,,,,,,,,,,,,images/kaaba_mecca_a.jpg,,images/helen_hunt_b.jpg,images/mark_zuckerberg_c.jpg,images/mark_zuckerberg_c.jpg,,,,,images/ring_diamond.png,,images/megaphone.png,object-face,,24,24,,,,,,,,,,,,,,,,,,,,,,,,,,,,,,,,,0,11,11,11,,,,,,,,,,,,,,,,,,,,,,,,,,,,,,,,,,,,,,,,,,,,,,,,,,,,,,,,,,,,,,,,,,,,,,,,,,,,,,,,,,,,,,,,,,,,,,,,,,,,,,,,,,,,,,,,,,,,,,,,,,,,,,,,,,,,,,,,,,,,,,,,,,,,,,,,,,,,,,,,,,,271.24851150400355,273.2446456619946,271.24851150400355,273.2446456619946,273.78179849497974,275.7997100339853,273.78179849497974,275.7997100339853,273.78179849497974,275.7997100339853,273.78179849497974,275.7997100339853,273.78179849497974,275.7997100339853,273.78179849497974,275.7997100339853,273.78179849497974,275.7997100339853,276.2410656279826,None,276.2410656279826,None,276.2410656279826,None,None,273.78179849497974,275.7997100339853,yt,001,,,2020_Sep_05_1838,reactive_intentional_encoding_looped,3.2.4,60.46438778642587,
,,,,,,,,,,,,,,,,,,,,,,,,,,,,,,,,,,,,,,,,,,,,,,,,,,,,,,,,,,,,,,,,,,,,,,,,,,,,,,,,,,,,,,,,,,,,,,,,,,,,,,,,,,,,,,,,,,,,,,,,,,,,,,,,,,,,,,,,,,,,,,,,,,,,,,,,,,,,,,,,,,,,,,,,,,,,,,,,,,,,,,,,,,,,,,,,,,,,,,,,,,,,,,,,,,,,,,,278.25729489600053,None,space,11.605834415997379,278.4743083729991,None,,,,,,,,,,,,,,,,,,,,,,,,,,,,,,,,,,,,,,yt,001,,,2020_Sep_05_1838,reactive_intentional_encoding_looped,3.2.4,60.46438778642587,
,,,,,,,,,,,,,,,,,,,,,,,,,25,images/glasses_sun.png,images/forbidden_city_c.jpg,images/notebook_black.png,object-scene,None,,,,,,,,,,,,,,,,,,,,,,,,,,,,,,,,,,,,,,,0,0,0,0,,,,,,,,,,,,,,,,,,,,,,,,,,,,,,,,,,,,,,,,,,,,,,,,,,,,,,,,,,,,,,,,,,,,,,,,,,,,,,,,,,,,,,,,,,,,,,,,,,,,,,,,,,,,,,,,,,,,,,,,,,,,,,,,,,,,,,,,,,,,,,,,,,,,,290.6402717639867,None,290.6402717639867,None,,,,,,,,,,,,,,,,,,,,,,,,,,,,,,,,,,yt,001,,,2020_Sep_05_1838,reactive_intentional_encoding_looped,3.2.4,60.46438778642587,
,,,,,,,,,,,,,,,,,,,,,,,,,26,images/drum.png,images/hillary_clinton_a.jpg,images/pants.png,object-face,None,,,,,,,,,,,,,,,,,,,,,,,,,,,,,,,,,,,,,,,0,1,1,1,,,,,,,,,,,,,,,,,,,,,,,,,,,,,,,,,,,,,,,,,,,,,,,,,,,,,,,,,,,,,,,,,,,,,,,,,,,,,,,,,,,,,,,,,,,,,,,,,,,,,,,,,,,,,,,,,,,,,,,,,,,,,,,,,,,,,,,,,,,,,,,,,,,,,291.8569121329929,None,291.8569121329929,None,,,,,,,,,,,,,,,,,,,,,,,,,,,,,,,,,,yt,001,,,2020_Sep_05_1838,reactive_intentional_encoding_looped,3.2.4,60.46438778642587,
,,,,,,,,,,,,,,,,,,,,,,,,,27,images/gametable_airhockey.png,images/stonehenge_b.jpg,images/stroller.jpg,object-scene,None,,,,,,,,,,,,,,,,,,,,,,,,,,,,,,,,,,,,,,,0,2,2,2,,,,,,,,,,,,,,,,,,,,,,,,,,,,,,,,,,,,,,,,,,,,,,,,,,,,,,,,,,,,,,,,,,,,,,,,,,,,,,,,,,,,,,,,,,,,,,,,,,,,,,,,,,,,,,,,,,,,,,,,,,,,,,,,,,,,,,,,,,,,,,,,,,,,,292.6243176049902,None,292.6243176049902,None,,,,,,,,,,,,,,,,,,,,,,,,,,,,,,,,,,yt,001,,,2020_Sep_05_1838,reactive_intentional_encoding_looped,3.2.4,60.46438778642587,
,,,,,,,,,,,,,,,,,,,,,,,,,28,images/drill.jpg,images/tower_of_pisa_c.jpg,images/mousepad.png,object-scene,None,,,,,,,,,,,,,,,,,,,,,,,,,,,,,,,,,,,,,,,0,3,3,3,,,,,,,,,,,,,,,,,,,,,,,,,,,,,,,,,,,,,,,,,,,,,,,,,,,,,,,,,,,,,,,,,,,,,,,,,,,,,,,,,,,,,,,,,,,,,,,,,,,,,,,,,,,,,,,,,,,,,,,,,,,,,,,,,,,,,,,,,,,,,,,,,,,,,293.65742932099965,None,293.65742932099965,None,,,,,,,,,,,,,,,,,,,,,,,,,,,,,,,,,,yt,001,,,2020_Sep_05_1838,reactive_intentional_encoding_looped,3.2.4,60.46438778642587,
,,,,,,,,,,,,,,,,,,,,,,,,,29,images/socks_winter.png,images/serengeti_c.jpg,images/motorcycle.png,object-scene,None,,,,,,,,,,,,,,,,,,,,,,,,,,,,,,,,,,,,,,,0,4,4,4,,,,,,,,,,,,,,,,,,,,,,,,,,,,,,,,,,,,,,,,,,,,,,,,,,,,,,,,,,,,,,,,,,,,,,,,,,,,,,,,,,,,,,,,,,,,,,,,,,,,,,,,,,,,,,,,,,,,,,,,,,,,,,,,,,,,,,,,,,,,,,,,,,,,,294.6402622619935,None,294.6402622619935,None,,,,,,,,,,,,,,,,,,,,,,,,,,,,,,,,,,yt,001,,,2020_Sep_05_1838,reactive_intentional_encoding_looped,3.2.4,60.46438778642587,
,,,,,,,,,,,,,,,,,,,,,,,,,30,images/bag_gift.png,images/kristen_stewart.jpg,images/partyDress.png,object-face,None,,,,,,,,,,,,,,,,,,,,,,,,,,,,,,,,,,,,,,,0,5,5,5,,,,,,,,,,,,,,,,,,,,,,,,,,,,,,,,,,,,,,,,,,,,,,,,,,,,,,,,,,,,,,,,,,,,,,,,,,,,,,,,,,,,,,,,,,,,,,,,,,,,,,,,,,,,,,,,,,,,,,,,,,,,,,,,,,,,,,,,,,,,,,,,,,,,,295.64100184000563,None,295.64100184000563,None,,,,,,,,,,,,,,,,,,,,,,,,,,,,,,,,,,yt,001,,,2020_Sep_05_1838,reactive_intentional_encoding_looped,3.2.4,60.46438778642587,
,,,,,,,,,,,,,,,,,,,,,,,,,31,images/eyeMask.jpg,images/gaudi_cathedral_c.jpg,images/pailGarden.jpg,object-scene,None,,,,,,,,,,,,,,,,,,,,,,,,,,,,,,,,,,,,,,,0,6,6,6,,,,,,,,,,,,,,,,,,,,,,,,,,,,,,,,,,,,,,,,,,,,,,,,,,,,,,,,,,,,,,,,,,,,,,,,,,,,,,,,,,,,,,,,,,,,,,,,,,,,,,,,,,,,,,,,,,,,,,,,,,,,,,,,,,,,,,,,,,,,,,,,,,,,,296.6239137169905,None,296.6239137169905,None,,,,,,,,,,,,,,,,,,,,,,,,,,,,,,,,,,yt,001,,,2020_Sep_05_1838,reactive_intentional_encoding_looped,3.2.4,60.46438778642587,
,,,,,,,,,,,,,,,,,,,,,,,,,32,images/bandage.jpg,images/emma_watson.jpg,images/napkin_ring.png,object-face,None,,,,,,,,,,,,,,,,,,,,,,,,,,,,,,,,,,,,,,,0,7,7,7,,,,,,,,,,,,,,,,,,,,,,,,,,,,,,,,,,,,,,,,,,,,,,,,,,,,,,,,,,,,,,,,,,,,,,,,,,,,,,,,,,,,,,,,,,,,,,,,,,,,,,,,,,,,,,,,,,,,,,,,,,,,,,,,,,,,,,,,,,,,,,,,,,,,,297.62347886999487,None,297.62347886999487,None,,,,,,,,,,,,,,,,,,,,,,,,,,,,,,,,,,yt,001,,,2020_Sep_05_1838,reactive_intentional_encoding_looped,3.2.4,60.46438778642587,
,,,,,,,,,,,,,,,,,,,,,,,,,33,images/balloon.jpg,images/jackie_kennedy_a.jpg,images/match.png,object-face,None,,,,,,,,,,,,,,,,,,,,,,,,,,,,,,,,,,,,,,,0,8,8,8,,,,,,,,,,,,,,,,,,,,,,,,,,,,,,,,,,,,,,,,,,,,,,,,,,,,,,,,,,,,,,,,,,,,,,,,,,,,,,,,,,,,,,,,,,,,,,,,,,,,,,,,,,,,,,,,,,,,,,,,,,,,,,,,,,,,,,,,,,,,,,,,,,,,,298.60734368898557,None,298.60734368898557,None,,,,,,,,,,,,,,,,,,,,,,,,,,,,,,,,,,yt,001,,,2020_Sep_05_1838,reactive_intentional_encoding_looped,3.2.4,60.46438778642587,
,,,,,,,,,,,,,,,,,,,,,,,,,34,images/pants_firefighter.jpg,images/neuschwanstein_castle_c.jpg,images/peppermill.png,object-scene,None,,,,,,,,,,,,,,,,,,,,,,,,,,,,,,,,,,,,,,,0,9,9,9,,,,,,,,,,,,,,,,,,,,,,,,,,,,,,,,,,,,,,,,,,,,,,,,,,,,,,,,,,,,,,,,,,,,,,,,,,,,,,,,,,,,,,,,,,,,,,,,,,,,,,,,,,,,,,,,,,,,,,,,,,,,,,,,,,,,,,,,,,,,,,,,,,,,,299.64060761098517,299.14697909299866,299.64060761098517,299.14697909299866,,,,,,,,,,,,,,,,,,,,,,,,,,,,,,,,,,yt,001,,,2020_Sep_05_1838,reactive_intentional_encoding_looped,3.2.4,60.46438778642587,
,,,,,,,,,,,,,,,,,,,,,,,,,35,images/boat_sail.png,images/neil_patrick_harris.jpg,images/pacifier.png,object-face,None,,,,,,,,,,,,,,,,,,,,,,,,,,,,,,,,,,,,,,,0,10,10,10,,,,,,,,,,,,,,,,,,,,,,,,,,,,,,,,,,,,,,,,,,,,,,,,,,,,,,,,,,,,,,,,,,,,,,,,,,,,,,,,,,,,,,,,,,,,,,,,,,,,,,,,,,,,,,,,,,,,,,,,,,,,,,,,,,,,,,,,,,,,,,,,,,,,,300.6570532489859,None,300.6570532489859,None,,,,,,,,,,,,,,,,,,,,,,,,,,,,,,,,,,yt,001,,,2020_Sep_05_1838,reactive_intentional_encoding_looped,3.2.4,60.46438778642587,
,,,,,,,,,,,,,,,,,,,,,,,,,36,images/carton_eggs.jpg,images/oprah_b.jpg,images/package.png,object-face,None,,,,,,,,,,,,,,,,,,,,,,,,,,,,,,,,,,,,,,,0,11,11,11,,,,,,,,,,,,,,,,,,,,,,,,,,,,,,,,,,,,,,,,,,,,,,,,,,,,,,,,,,,,,,,,,,,,,,,,,,,,,,,,,,,,,,,,,,,,,,,,,,,,,,,,,,,,,,,,,,,,,,,,,,,,,,,,,,,,,,,,,,,,,,,,,,,,,301.6575917369919,None,301.6575917369919,None,,,,,,,,,,,,,,,,,,,,,,,,,,,,,,,,,,yt,001,,,2020_Sep_05_1838,reactive_intentional_encoding_looped,3.2.4,60.46438778642587,
,,,,,,,,,,,,,,,,,,,,,,,,,,,,,,,,,,,,,,,,,,,,,,,,,,,,,,,,,,,,,,,,,,,,,,,,,,,,,,,,,,,,,,,,,,,,,,,,,,,,,,,,,,,,,,,,,,,,,,,,,,,,,,,,,,,,,,,,,,,,,,,,,,,,,,,,,,,,,,,,,,,,,,,,,,,,,,,,,,,,,,,,,,,,,,,,,,,,,,,,,,,,,,,,,,,,,,,,,,,,,,,,,302.1067801530007,None,space,2.277526511985343,302.1067801530007,None,,,,,,,,,,,,,,,,,,,,,,,,,,,,yt,001,,,2020_Sep_05_1838,reactive_intentional_encoding_looped,3.2.4,60.46438778642587,
,,,,,,,,,,,,,,,,,images/lauryn_hill_a.jpg,,images/nidaros_cathedral_a.jpg,images/gaudi_cathedral_c.jpg,images/gaudi_cathedral_c.jpg,,,,,images/eyeMask.jpg,,images/pailGarden.jpg,object-scene,,25,25,,,,,,,,,,,,,,,,,,,,,,,,,,,,,,,,,,,,,,,,,0,0,0,0,,,,,,,,,,,,,,,,,,,,,,,,,,,,,,,,,,,,,,,,,,,,,,,,,,,,,,,,,,,,,,,,,,,,,,,,,,,,,,,,,,,,,,,,,,,,,,,,,,,,,,,,,,,,,,,,,,,,,,,,,,,,,,,,,,,,,,,,,,,,,,,,,,,,,,,,,,,305.4297090359905,307.4286823649891,305.4297090359905,307.4286823649891,307.96356086200103,309.99057353200624,307.96356086200103,309.99057353200624,307.96356086200103,309.99057353200624,307.96356086200103,309.99057353200624,307.96356086200103,309.99057353200624,307.96356086200103,309.99057353200624,307.96356086200103,309.99057353200624,310.4228351379861,None,310.4228351379861,None,310.4228351379861,None,None,307.96356086200103,309.99057353200624,yt,001,,,2020_Sep_05_1838,reactive_intentional_encoding_looped,3.2.4,60.46438778642587,
,,,,,,,,,,,,,,,,,images/neuschwanstein_castle_c.jpg,,images/lisa_kudrow_b.jpg,images/palaisgarnier_c.jpg,images/neuschwanstein_castle_c.jpg,,,,,images/pants_firefighter.jpg,,images/peppermill.png,object-scene,,26,26,,,,,,,,,,,,,,,,,,,,,,,,,,,,,,,,,,,,,,,,,0,1,1,1,,,,,,,,,,,,,,,,,,,,,,,,,,,,,,,,,,,,,,,,,,,,,,,,,,,,,,,,,,,,,,,,,,,,,,,,,,,,,,,,,,,,,,,,,,,,,,,,,,,,,,,,,,,,,,,,,,,,,,,,,,,,,,,,,,,,,,,,,,,,,,,,,,,,,,,,,,,313.449089250993,315.4607021349948,313.449089250993,315.4607021349948,315.9820818559965,317.9955264599994,315.9820818559965,317.9955264599994,315.9820818559965,317.9955264599994,315.9820818559965,317.9955264599994,315.9820818559965,317.9955264599994,315.9820818559965,317.9955264599994,315.9820818559965,317.9955264599994,318.4400399059814,None,318.4400399059814,None,318.4400399059814,None,None,315.9820818559965,317.9955264599994,yt,001,,,2020_Sep_05_1838,reactive_intentional_encoding_looped,3.2.4,60.46438778642587,
,,,,,,,,,,,,,,,,,images/madison_square_garden_c.jpg,,images/joan_rivers_b.jpg,images/forbidden_city_c.jpg,images/forbidden_city_c.jpg,,,,,images/glasses_sun.png,,images/notebook_black.png,object-scene,,27,27,,,,,,,,,,,,,,,,,,,,,,,,,,,,,,,,,,,,,,,,,0,2,2,2,,,,,,,,,,,,,,,,,,,,,,,,,,,,,,,,,,,,,,,,,,,,,,,,,,,,,,,,,,,,,,,,,,,,,,,,,,,,,,,,,,,,,,,,,,,,,,,,,,,,,,,,,,,,,,,,,,,,,,,,,,,,,,,,,,,,,,,,,,,,,,,,,,,,,,,,,,,321.4290451349807,323.4267552399833,321.4290451349807,323.4267552399833,323.9645342739823,325.98992186700343,323.9645342739823,325.98992186700343,323.9645342739823,325.98992186700343,323.9645342739823,325.98992186700343,323.9645342739823,325.98992186700343,323.9645342739823,325.98992186700343,323.9645342739823,325.98992186700343,326.4230177470017,None,326.4230177470017,None,326.4230177470017,None,None,323.9645342739823,325.98992186700343,yt,001,,,2020_Sep_05_1838,reactive_intentional_encoding_looped,3.2.4,60.46438778642587,
,,,,,,,,,,,,,,,,,images/stonehenge_b.jpg,,images/kate_winslet_b.jpg,images/millau_bridge_a.jpg,images/stonehenge_b.jpg,,,,,images/gametable_airhockey.png,,images/stroller.jpg,object-scene,,28,28,,,,,,,,,,,,,,,,,,,,,,,,,,,,,,,,,,,,,,,,,0,3,3,3,,,,,,,,,,,,,,,,,,,,,,,,,,,,,,,,,,,,,,,,,,,,,,,,,,,,,,,,,,,,,,,,,,,,,,,,,,,,,,,,,,,,,,,,,,,,,,,,,,,,,,,,,,,,,,,,,,,,,,,,,,,,,,,,,,,,,,,,,,,,,,,,,,,,,,,,,,,329.45624699100154,331.4737021919864,329.45624699100154,331.4737021919864,331.98909120299504,333.996535216982,331.98909120299504,333.996535216982,331.98909120299504,333.996535216982,331.98909120299504,333.996535216982,331.98909120299504,333.996535216982,331.98909120299504,333.996535216982,331.98909120299504,333.996535216982,334.4389568409824,None,334.4389568409824,None,334.4389568409824,None,None,331.98909120299504,333.996535216982,yt,001,,,2020_Sep_05_1838,reactive_intentional_encoding_looped,3.2.4,60.46438778642587,
,,,,,,,,,,,,,,,,,images/oriental_pearl_tower_a.jpg,,images/jackie_kennedy_a.jpg,images/lindsay_lohan_c.jpg,images/jackie_kennedy_a.jpg,,,,,images/balloon.jpg,,images/match.png,object-face,,29,29,,,,,,,,,,,,,,,,,,,,,,,,,,,,,,,,,,,,,,,,,0,4,4,4,,,,,,,,,,,,,,,,,,,,,,,,,,,,,,,,,,,,,,,,,,,,,,,,,,,,,,,,,,,,,,,,,,,,,,,,,,,,,,,,,,,,,,,,,,,,,,,,,,,,,,,,,,,,,,,,,,,,,,,,,,,,,,,,,,,,,,,,,,,,,,,,,,,,,,,,,,,337.42738305800594,339.42242500398424,337.42738305800594,339.42242500398424,339.96438688397757,342.0056142139947,339.96438688397757,342.0056142139947,339.96438688397757,342.0056142139947,339.96438688397757,342.0056142139947,339.96438688397757,342.0056142139947,339.96438688397757,342.0056142139947,339.96438688397757,342.0056142139947,342.42231927998364,None,342.42231927998364,None,342.42231927998364,None,None,339.96438688397757,342.0056142139947,yt,001,,,2020_Sep_05_1838,reactive_intentional_encoding_looped,3.2.4,60.46438778642587,
,,,,,,,,,,,,,,,,,images/emma_watson.jpg,,images/lenny_kravitz_a.jpg,images/odeon_of_herodotus_b.jpg,images/emma_watson.jpg,,,,,images/bandage.jpg,,images/napkin_ring.png,object-face,,30,30,,,,,,,,,,,,,,,,,,,,,,,,,,,,,,,,,,,,,,,,,0,5,5,5,,,,,,,,,,,,,,,,,,,,,,,,,,,,,,,,,,,,,,,,,,,,,,,,,,,,,,,,,,,,,,,,,,,,,,,,,,,,,,,,,,,,,,,,,,,,,,,,,,,,,,,,,,,,,,,,,,,,,,,,,,,,,,,,,,,,,,,,,,,,,,,,,,,,,,,,,,,345.45592820399906,347.473142214003,345.45592820399906,347.473142214003,347.9885600020061,350.00645324398647,347.9885600020061,350.00645324398647,347.9885600020061,350.00645324398647,347.9885600020061,350.00645324398647,347.9885600020061,350.00645324398647,347.9885600020061,350.00645324398647,347.9885600020061,350.00645324398647,350.43991120997816,None,350.43991120997816,None,350.43991120997816,None,None,347.9885600020061,350.00645324398647,yt,001,,,2020_Sep_05_1838,reactive_intentional_encoding_looped,3.2.4,60.46438778642587,
,,,,,,,,,,,,,,,,,images/serengeti_c.jpg,,images/kim_cattrall_a.jpg,images/newgrange_a.jpg,images/serengeti_c.jpg,,,,,images/socks_winter.png,,images/motorcycle.png,object-scene,,31,31,,,,,,,,,,,,,,,,,,,,,,,,,,,,,,,,,,,,,,,,,0,6,6,6,,,,,,,,,,,,,,,,,,,,,,,,,,,,,,,,,,,,,,,,,,,,,,,,,,,,,,,,,,,,,,,,,,,,,,,,,,,,,,,,,,,,,,,,,,,,,,,,,,,,,,,,,,,,,,,,,,,,,,,,,,,,,,,,,,,,,,,,,,,,,,,,,,,,,,,,,,,353.4566551790049,355.4571481169842,353.4566551790049,355.4571481169842,356.00651343900245,358.02526188699994,356.00651343900245,358.02526188699994,356.00651343900245,358.02526188699994,356.00651343900245,358.02526188699994,356.00651343900245,358.02526188699994,356.00651343900245,358.02526188699994,356.00651343900245,358.02526188699994,358.43978689899086,None,358.43978689899086,None,358.43978689899086,None,None,356.00651343900245,358.02526188699994,yt,001,,,2020_Sep_05_1838,reactive_intentional_encoding_looped,3.2.4,60.46438778642587,
,,,,,,,,,,,,,,,,,images/kanye_west_b.jpg,,images/hillary_clinton_a.jpg,images/middle_of_earth_c.jpg,images/hillary_clinton_a.jpg,,,,,images/drum.png,,images/pants.png,object-face,,32,32,,,,,,,,,,,,,,,,,,,,,,,,,,,,,,,,,,,,,,,,,0,7,7,7,,,,,,,,,,,,,,,,,,,,,,,,,,,,,,,,,,,,,,,,,,,,,,,,,,,,,,,,,,,,,,,,,,,,,,,,,,,,,,,,,,,,,,,,,,,,,,,,,,,,,,,,,,,,,,,,,,,,,,,,,,,,,,,,,,,,,,,,,,,,,,,,,,,,,,,,,,,361.90597110197996,364.03958919399884,361.90597110197996,364.03958919399884,364.24024408499827,366.27179337097914,364.24024408499827,366.27179337097914,364.24024408499827,366.27179337097914,364.24024408499827,366.27179337097914,364.24024408499827,366.27179337097914,364.24024408499827,366.27179337097914,364.24024408499827,366.27179337097914,366.6715410729812,None,366.6715410729812,None,366.6715410729812,None,None,364.24024408499827,366.27179337097914,yt,001,,,2020_Sep_05_1838,reactive_intentional_encoding_looped,3.2.4,60.46438778642587,
,,,,,,,,,,,,,,,,,images/neil_patrick_harris.jpg,,images/pantheon_c.jpg,images/liv_tyler_a.jpg,images/neil_patrick_harris.jpg,,,,,images/boat_sail.png,,images/pacifier.png,object-face,,33,33,,,,,,,,,,,,,,,,,,,,,,,,,,,,,,,,,,,,,,,,,0,8,8,8,,,,,,,,,,,,,,,,,,,,,,,,,,,,,,,,,,,,,,,,,,,,,,,,,,,,,,,,,,,,,,,,,,,,,,,,,,,,,,,,,,,,,,,,,,,,,,,,,,,,,,,,,,,,,,,,,,,,,,,,,,,,,,,,,,,,,,,,,,,,,,,,,,,,,,,,,,,369.4594671379891,371.4730273039895,369.4594671379891,371.4730273039895,371.99356813699706,374.00477960999706,371.99356813699706,374.00477960999706,371.99356813699706,374.00477960999706,371.99356813699706,374.00477960999706,371.99356813699706,374.00477960999706,371.99356813699706,374.00477960999706,371.99356813699706,374.00477960999706,374.4388560249936,None,374.4388560249936,None,374.4388560249936,None,None,371.99356813699706,374.00477960999706,yt,001,,,2020_Sep_05_1838,reactive_intentional_encoding_looped,3.2.4,60.46438778642587,
,,,,,,,,,,,,,,,,,images/kristen_stewart.jpg,,images/lady_gaga_a.jpg,images/niagara_falls_a.jpg,images/kristen_stewart.jpg,,,,,images/bag_gift.png,,images/partyDress.png,object-face,,34,34,,,,,,,,,,,,,,,,,,,,,,,,,,,,,,,,,,,,,,,,,0,9,9,9,,,,,,,,,,,,,,,,,,,,,,,,,,,,,,,,,,,,,,,,,,,,,,,,,,,,,,,,,,,,,,,,,,,,,,,,,,,,,,,,,,,,,,,,,,,,,,,,,,,,,,,,,,,,,,,,,,,,,,,,,,,,,,,,,,,,,,,,,,,,,,,,,,,,,,,,,,,377.43757467798423,379.43931864597835,377.43757467798423,379.43931864597835,379.9583880470018,381.98846199098625,379.9583880470018,381.98846199098625,379.9583880470018,381.98846199098625,379.9583880470018,381.98846199098625,379.9583880470018,381.98846199098625,379.9583880470018,381.98846199098625,379.9583880470018,381.98846199098625,382.4213926990051,None,382.4213926990051,None,382.4213926990051,None,None,379.9583880470018,381.98846199098625,yt,001,,,2020_Sep_05_1838,reactive_intentional_encoding_looped,3.2.4,60.46438778642587,
,,,,,,,,,,,,,,,,,images/parcguell_c.jpg,,images/lucille_ball_b.jpg,images/oprah_b.jpg,images/oprah_b.jpg,,,,,images/carton_eggs.jpg,,images/package.png,object-face,,35,35,,,,,,,,,,,,,,,,,,,,,,,,,,,,,,,,,,,,,,,,,0,10,10,10,,,,,,,,,,,,,,,,,,,,,,,,,,,,,,,,,,,,,,,,,,,,,,,,,,,,,,,,,,,,,,,,,,,,,,,,,,,,,,,,,,,,,,,,,,,,,,,,,,,,,,,,,,,,,,,,,,,,,,,,,,,,,,,,,,,,,,,,,,,,,,,,,,,,,,,,,,,385.4366953689896,387.43829587398795,385.4366953689896,387.43829587398795,387.95911833498394,389.97231993600144,387.95911833498394,389.97231993600144,387.95911833498394,389.97231993600144,387.95911833498394,389.97231993600144,387.95911833498394,389.97231993600144,387.95911833498394,389.97231993600144,387.95911833498394,389.97231993600144,390.42239471999346,None,390.42239471999346,None,390.42239471999346,None,None,387.95911833498394,389.97231993600144,yt,001,,,2020_Sep_05_1838,reactive_intentional_encoding_looped,3.2.4,60.46438778642587,
,,,,,,,,,,,,,,,,,images/millenium_dome_b.jpg,,images/kelly_osbourne_c.jpg,images/tower_of_pisa_c.jpg,images/tower_of_pisa_c.jpg,,,,,images/drill.jpg,,images/mousepad.png,object-scene,,36,36,,,,,,,,,,,,,,,,,,,,,,,,,,,,,,,,,,,,,,,,,0,11,11,11,,,,,,,,,,,,,,,,,,,,,,,,,,,,,,,,,,,,,,,,,,,,,,,,,,,,,,,,,,,,,,,,,,,,,,,,,,,,,,,,,,,,,,,,,,,,,,,,,,,,,,,,,,,,,,,,,,,,,,,,,,,,,,,,,,,,,,,,,,,,,,,,,,,,,,,,,,,393.45181002200115,395.4557852729922,393.45181002200115,395.4557852729922,395.989205794991,397.9907267059898,395.989205794991,397.9907267059898,395.989205794991,397.9907267059898,395.989205794991,397.9907267059898,395.989205794991,397.9907267059898,395.989205794991,397.9907267059898,395.989205794991,397.9907267059898,398.42392698299955,None,398.42392698299955,None,398.42392698299955,None,None,395.989205794991,397.9907267059898,yt,001,,,2020_Sep_05_1838,reactive_intentional_encoding_looped,3.2.4,60.46438778642587,
,,,,,,,,,,,,,,,,,,,,,,,,,,,,,,,,,,,,,,,,,,,,,,,,,,,,,,,,,,,,,,,,,,,,,,,,,,,,,,,,,,,,,,,,,,,,,,,,,,,,,,,,,,,,,,,,,,,,,,,,,,,,,,,,,,,,,,,,,,,,,,,,,,,,,,,,,,,,,,,,,,,,,,,,,,,,,,,,,,,,,,,,,,,,,,,,,,,,,,,,,,,,,,,,,,,,,,,400.4410309709783,None,space,1.847009129007347,400.6582495829789,None,,,,,,,,,,,,,,,,,,,,,,,,,,,,,,,,,,,,,,yt,001,,,2020_Sep_05_1838,reactive_intentional_encoding_looped,3.2.4,60.46438778642587,
,,,,,,,,,,,,,,,,,,,,,,,,,37,images/chest_toys.png,images/katy_perry.jpg,images/teddybear_brown.jpg,object-face,None,,,,,,,,,,,,,,,,,,,,,,,,,,,,,,,,,,,,,,,,,,,,,,,0,0,0,0,,,,,,,,,,,,,,,,,,,,,,,,,,,,,,,,,,,,,,,,,,,,,,,,,,,,,,,,,,,,,,,,,,,,,,,,,,,,,,,,,,,,,,,,,,,,,,,,,,,,,,,,,,,,,,,,,,,,,,,,,,,,,,,,,,,,,,,,,,,,,403.0554033939843,None,403.0554033939843,None,,,,,,,,,,,,,,,,,,,,,,,,,,,,,,,,,,yt,001,,,2020_Sep_05_1838,reactive_intentional_encoding_looped,3.2.4,60.46438778642587,
,,,,,,,,,,,,,,,,,,,,,,,,,38,images/chain_rusty.png,images/emma_stone.jpg,images/oven.png,object-face,None,,,,,,,,,,,,,,,,,,,,,,,,,,,,,,,,,,,,,,,,,,,,,,,0,1,1,1,,,,,,,,,,,,,,,,,,,,,,,,,,,,,,,,,,,,,,,,,,,,,,,,,,,,,,,,,,,,,,,,,,,,,,,,,,,,,,,,,,,,,,,,,,,,,,,,,,,,,,,,,,,,,,,,,,,,,,,,,,,,,,,,,,,,,,,,,,,,,404.05068818698055,None,404.05068818698055,None,,,,,,,,,,,,,,,,,,,,,,,,,,,,,,,,,,yt,001,,,2020_Sep_05_1838,reactive_intentional_encoding_looped,3.2.4,60.46438778642587,
,,,,,,,,,,,,,,,,,,,,,,,,,39,images/scooter.png,images/grand_canyon_c.jpg,images/pajamas.png,object-scene,None,,,,,,,,,,,,,,,,,,,,,,,,,,,,,,,,,,,,,,,,,,,,,,,0,2,2,2,,,,,,,,,,,,,,,,,,,,,,,,,,,,,,,,,,,,,,,,,,,,,,,,,,,,,,,,,,,,,,,,,,,,,,,,,,,,,,,,,,,,,,,,,,,,,,,,,,,,,,,,,,,,,,,,,,,,,,,,,,,,,,,,,,,,,,,,,,,,,405.0358512439998,None,405.0358512439998,None,,,,,,,,,,,,,,,,,,,,,,,,,,,,,,,,,,yt,001,,,2020_Sep_05_1838,reactive_intentional_encoding_looped,3.2.4,60.46438778642587,
,,,,,,,,,,,,,,,,,,,,,,,,,40,images/bathrobe.png,images/empire_state_building_a.jpg,images/paddle_bread.png,object-scene,None,,,,,,,,,,,,,,,,,,,,,,,,,,,,,,,,,,,,,,,,,,,,,,,0,3,3,3,,,,,,,,,,,,,,,,,,,,,,,,,,,,,,,,,,,,,,,,,,,,,,,,,,,,,,,,,,,,,,,,,,,,,,,,,,,,,,,,,,,,,,,,,,,,,,,,,,,,,,,,,,,,,,,,,,,,,,,,,,,,,,,,,,,,,,,,,,,,,406.03885469198576,None,406.03885469198576,None,,,,,,,,,,,,,,,,,,,,,,,,,,,,,,,,,,yt,001,,,2020_Sep_05_1838,reactive_intentional_encoding_looped,3.2.4,60.46438778642587,
,,,,,,,,,,,,,,,,,,,,,,,,,41,images/shoe_pumps.jpg,images/iguazu_falls_b.jpg,images/notepad.jpg,object-scene,None,,,,,,,,,,,,,,,,,,,,,,,,,,,,,,,,,,,,,,,,,,,,,,,0,4,4,4,,,,,,,,,,,,,,,,,,,,,,,,,,,,,,,,,,,,,,,,,,,,,,,,,,,,,,,,,,,,,,,,,,,,,,,,,,,,,,,,,,,,,,,,,,,,,,,,,,,,,,,,,,,,,,,,,,,,,,,,,,,,,,,,,,,,,,,,,,,,,407.05006790999323,None,407.05006790999323,None,,,,,,,,,,,,,,,,,,,,,,,,,,,,,,,,,,yt,001,,,2020_Sep_05_1838,reactive_intentional_encoding_looped,3.2.4,60.46438778642587,
,,,,,,,,,,,,,,,,,,,,,,,,,42,images/puzzlepiece.png,images/jamie_foxx_b.jpg,images/net_butterfly.jpg,object-face,None,,,,,,,,,,,,,,,,,,,,,,,,,,,,,,,,,,,,,,,,,,,,,,,0,5,5,5,,,,,,,,,,,,,,,,,,,,,,,,,,,,,,,,,,,,,,,,,,,,,,,,,,,,,,,,,,,,,,,,,,,,,,,,,,,,,,,,,,,,,,,,,,,,,,,,,,,,,,,,,,,,,,,,,,,,,,,,,,,,,,,,,,,,,,,,,,,,,408.0330788650026,None,408.0330788650026,None,,,,,,,,,,,,,,,,,,,,,,,,,,,,,,,,,,yt,001,,,2020_Sep_05_1838,reactive_intentional_encoding_looped,3.2.4,60.46438778642587,
,,,,,,,,,,,,,,,,,,,,,,,,,43,images/diving_board.jpg,images/james_franco_c.jpg,images/necklace_pearl.jpg,object-face,None,,,,,,,,,,,,,,,,,,,,,,,,,,,,,,,,,,,,,,,,,,,,,,,0,6,6,6,,,,,,,,,,,,,,,,,,,,,,,,,,,,,,,,,,,,,,,,,,,,,,,,,,,,,,,,,,,,,,,,,,,,,,,,,,,,,,,,,,,,,,,,,,,,,,,,,,,,,,,,,,,,,,,,,,,,,,,,,,,,,,,,,,,,,,,,,,,,,409.0566803609836,None,409.0566803609836,None,,,,,,,,,,,,,,,,,,,,,,,,,,,,,,,,,,yt,001,,,2020_Sep_05_1838,reactive_intentional_encoding_looped,3.2.4,60.46438778642587,
,,,,,,,,,,,,,,,,,,,,,,,,,44,images/flashlight.png,images/machu_picchu_c.jpg,images/worldmap.png,object-scene,None,,,,,,,,,,,,,,,,,,,,,,,,,,,,,,,,,,,,,,,,,,,,,,,0,7,7,7,,,,,,,,,,,,,,,,,,,,,,,,,,,,,,,,,,,,,,,,,,,,,,,,,,,,,,,,,,,,,,,,,,,,,,,,,,,,,,,,,,,,,,,,,,,,,,,,,,,,,,,,,,,,,,,,,,,,,,,,,,,,,,,,,,,,,,,,,,,,,410.0413042739965,None,410.0413042739965,None,,,,,,,,,,,,,,,,,,,,,,,,,,,,,,,,,,yt,001,,,2020_Sep_05_1838,reactive_intentional_encoding_looped,3.2.4,60.46438778642587,
,,,,,,,,,,,,,,,,,,,,,,,,,45,images/goggles_swim.png,images/great_wall_of_china_c.jpg,images/skates.png,object-scene,None,,,,,,,,,,,,,,,,,,,,,,,,,,,,,,,,,,,,,,,,,,,,,,,0,8,8,8,,,,,,,,,,,,,,,,,,,,,,,,,,,,,,,,,,,,,,,,,,,,,,,,,,,,,,,,,,,,,,,,,,,,,,,,,,,,,,,,,,,,,,,,,,,,,,,,,,,,,,,,,,,,,,,,,,,,,,,,,,,,,,,,,,,,,,,,,,,,,411.1360036589904,None,411.1360036589904,None,,,,,,,,,,,,,,,,,,,,,,,,,,,,,,,,,,yt,001,,,2020_Sep_05_1838,reactive_intentional_encoding_looped,3.2.4,60.46438778642587,
,,,,,,,,,,,,,,,,,,,,,,,,,46,images/barrel.jpg,images/bill_gates_a.jpg,images/toyTrain.png,object-face,None,,,,,,,,,,,,,,,,,,,,,,,,,,,,,,,,,,,,,,,,,,,,,,,0,9,9,9,,,,,,,,,,,,,,,,,,,,,,,,,,,,,,,,,,,,,,,,,,,,,,,,,,,,,,,,,,,,,,,,,,,,,,,,,,,,,,,,,,,,,,,,,,,,,,,,,,,,,,,,,,,,,,,,,,,,,,,,,,,,,,,,,,,,,,,,,,,,,412.05019605500274,None,412.05019605500274,None,,,,,,,,,,,,,,,,,,,,,,,,,,,,,,,,,,yt,001,,,2020_Sep_05_1838,reactive_intentional_encoding_looped,3.2.4,60.46438778642587,
,,,,,,,,,,,,,,,,,,,,,,,,,47,images/egg_easter.jpg,images/giants_causeway_b.jpg,images/rope_skipping.png,object-scene,None,,,,,,,,,,,,,,,,,,,,,,,,,,,,,,,,,,,,,,,,,,,,,,,0,10,10,10,,,,,,,,,,,,,,,,,,,,,,,,,,,,,,,,,,,,,,,,,,,,,,,,,,,,,,,,,,,,,,,,,,,,,,,,,,,,,,,,,,,,,,,,,,,,,,,,,,,,,,,,,,,,,,,,,,,,,,,,,,,,,,,,,,,,,,,,,,,,,413.07190516698756,None,413.07190516698756,None,,,,,,,,,,,,,,,,,,,,,,,,,,,,,,,,,,yt,001,,,2020_Sep_05_1838,reactive_intentional_encoding_looped,3.2.4,60.46438778642587,
,,,,,,,,,,,,,,,,,,,,,,,,,48,images/ball_baseball.png,images/dakota_fanning_c.jpg,images/outhouse.png,object-face,None,,,,,,,,,,,,,,,,,,,,,,,,,,,,,,,,,,,,,,,,,,,,,,,0,11,11,11,,,,,,,,,,,,,,,,,,,,,,,,,,,,,,,,,,,,,,,,,,,,,,,,,,,,,,,,,,,,,,,,,,,,,,,,,,,,,,,,,,,,,,,,,,,,,,,,,,,,,,,,,,,,,,,,,,,,,,,,,,,,,,,,,,,,,,,,,,,,,414.05555175300105,None,414.05555175300105,None,,,,,,,,,,,,,,,,,,,,,,,,,,,,,,,,,,yt,001,,,2020_Sep_05_1838,reactive_intentional_encoding_looped,3.2.4,60.46438778642587,
,,,,,,,,,,,,,,,,,,,,,,,,,,,,,,,,,,,,,,,,,,,,,,,,,,,,,,,,,,,,,,,,,,,,,,,,,,,,,,,,,,,,,,,,,,,,,,,,,,,,,,,,,,,,,,,,,,,,,,,,,,,,,,,,,,,,,,,,,,,,,,,,,,,,,,,,,,,,,,,,,,,,,,,,,,,,,,,,,,,,,,,,,,,,,,,,,,,,,,,,,,,,,,,,,,,,,,,,,,,,,,,,,414.5394508749887,None,space,1.8881863050046377,414.5394508749887,None,,,,,,,,,,,,,,,,,,,,,,,,,,,,yt,001,,,2020_Sep_05_1838,reactive_intentional_encoding_looped,3.2.4,60.46438778642587,
,,,,,,,,,,,,,,,,,images/iguazu_falls_b.jpg,,images/martha_stewart_c.jpg,images/roman_forum_c.jpg,images/iguazu_falls_b.jpg,,,,,images/shoe_pumps.jpg,,images/notepad.jpg,object-scene,,37,37,,,,,,,,,,,,,,,,,,,,,,,,,,,,,,,,,,,,,,,,,,,,,,,,,0,0,0,0,,,,,,,,,,,,,,,,,,,,,,,,,,,,,,,,,,,,,,,,,,,,,,,,,,,,,,,,,,,,,,,,,,,,,,,,,,,,,,,,,,,,,,,,,,,,,,,,,,,,,,,,,,,,,,,,,,,,,,,,,,,,,,,,,,,,,,,,,,,,,,,,,,,417.4884310379857,419.4992902109807,417.4884310379857,419.4992902109807,420.00425079397974,422.04868366898154,420.00425079397974,422.04868366898154,420.00425079397974,422.04868366898154,420.00425079397974,422.04868366898154,420.00425079397974,422.04868366898154,420.00425079397974,422.04868366898154,420.00425079397974,422.04868366898154,422.4658582499833,None,422.4658582499833,None,422.4658582499833,None,None,420.00425079397974,422.04868366898154,yt,001,,,2020_Sep_05_1838,reactive_intentional_encoding_looped,3.2.4,60.46438778642587,
,,,,,,,,,,,,,,,,,images/bill_gates_a.jpg,,images/michelle_williams_b.jpg,images/snake_mound_a.jpg,images/bill_gates_a.jpg,,,,,images/barrel.jpg,,images/toyTrain.png,object-face,,38,38,,,,,,,,,,,,,,,,,,,,,,,,,,,,,,,,,,,,,,,,,,,,,,,,,0,1,1,1,,,,,,,,,,,,,,,,,,,,,,,,,,,,,,,,,,,,,,,,,,,,,,,,,,,,,,,,,,,,,,,,,,,,,,,,,,,,,,,,,,,,,,,,,,,,,,,,,,,,,,,,,,,,,,,,,,,,,,,,,,,,,,,,,,,,,,,,,,,,,,,,,,,425.48427987500327,427.4895541899896,425.48427987500327,427.4895541899896,428.0094351329899,430.0054866319988,428.0094351329899,430.0054866319988,428.0094351329899,430.0054866319988,428.0094351329899,430.0054866319988,428.0094351329899,430.0054866319988,428.0094351329899,430.0054866319988,428.0094351329899,430.0054866319988,430.4722904179944,None,430.4722904179944,None,430.4722904179944,None,None,428.0094351329899,430.0054866319988,yt,001,,,2020_Sep_05_1838,reactive_intentional_encoding_looped,3.2.4,60.46438778642587,
